:020000040800F2
:10000000908F0020DD020008C56A000829660008FC
:10001000C16A0008512D00080179000800000000A5
:10002000000000000000000000000000E16E000879
:10003000012F000800000000016B00080D6F000890
:10004000F7020008F7020008F7020008F7020008AC
:10005000F7020008F7020008F7020008F70200089C
:10006000F7020008F7020008F7020008F70200088C
:10007000F7020008F7020008F7020008F70200087C
:10008000F7020008F7020008F7020008F70200086C
:10009000F7020008552D0008F7020008F7020008D3
:1000A000F70200083D6F0008F7020008F702000899
:1000B0004D6F00085D6F0008F7020008F7020008A6
:1000C000F7020008F7020008F7020008F70200082C
:1000D000F7020008D5780008F7020008F7020008C8
:1000E000F7020008F7020008F7020008F70200080C
:1000F000F7020008F7020008F7020008F7020008FC
:10010000F7020008F7020008F7020008F7020008EB
:10011000F7020008F7020008F7020008F7020008DB
:10012000052E0008F7020008152E0008252E0008ED
:10013000352E00080000000000000000F702000853
:10014000F7020008F7020008F7020008F7020008AB
:10015000F7020008F7020008F7020008F70200089B
:10016000F7020008F7020008F7020008F70200088B
:10017000F7020008F702000800000000000000007D
:10018000F7020008F702000800F002F800F096F805
:100190000AA090E8000C82448344AAF10107DA45E2
:1001A00001D100F08BF8AFF2090EBAE80F0013F09E
:1001B000010F18BFFB1A43F00103184704020100A6
:1001C00024020100103A24BF78C878C1FAD8520737
:1001D00024BF30C830C144BF04680C6070470000C1
:1001E0000023002400250026103A28BF78C1FBD840
:1001F000520728BF30C148BF0B6070476E2900F01E
:100200002487702901F0558266290FF083856529BE
:100210000FF0808567290FF07D8561290FF07C85BF
:1002200003681B0A28BF41F08001692900F048815A
:10023000642900F04581752900F042816F2901F0A1
:10024000E381782901F02182E92900F07581E42910
:1002500000F07281F52900F06F81EF2901F0E08153
:10026000F82901F020820368DB0928BF41F08001F2
:10027000632901F03C81732901F04181E32901F0F8
:100280004987F32901F04E87002070471FB50FF012
:100290002CFD9DE8030001F023FD01F001FD0400A9
:1002A000002000210FF0A8FA401C6060002000210F
:1002B0000FF08CFAE0601FBD10B510BD02F0A9F977
:1002C0001146FFF7E3FF0BF055FB02F013FC03B4FC
:1002D000FFF7F2FF03BC01F0D9FC0000094880479A
:1002E00009480047FEE7FEE7FEE7FEE7FEE7FEE718
:1002F000FEE7FEE7FEE7FEE704480549054A064B30
:1003000070470000296F00088901000890770020DD
:10031000908F0020907F0020907F002053EA020CF5
:1003200000F069802DE9F04B4FF00006002B1FBF55
:10033000B3FA83F503FA05F424FA05F65E4012BF1A
:100340001643B2FA82F502FA05F4C5F120051EBF84
:1003500022FA05FC44EA0C04203556EA044C4FEA24
:10036000144418BF641C4FF000084FF0000990427D
:1003700071EB030C39D3002919BFB1FA81F701FAE7
:1003800007F6B0FA80F700FA07F6C7F120071EBF9C
:1003900020FA07FC46EA0C062037B6FBF4FCA7EB74
:1003A0000507103F07F01F0BCBF120062CFA06F6CD
:1003B0000CFA0BFB44BFB3460026202FA4BF5E46B9
:1003C0004FF0000B5BEA060C08BF4FF0010B19EB76
:1003D0000B0948EB0608ABFB027C06FB02CC0BFBCF
:1003E00003CCC01B71EB0C01C1E70B460246414632
:1003F0004846BDE8F08B13B5084318BF4FF0FF30F7
:100400000146AFF30080BDE81C4070477CB51D4637
:1004100016460C00009001D02044401E074B7B4440
:100420002A4669460190304601F037F805461CB16E
:100430000020694601F044F828467CBDA910000060
:100440000FB41CB5084B06AA7B446946009005987A
:1004500001F023F804460020694601F031F82046F7
:100460001CBC5DF814FB00007510000070B50C4654
:100470000546012A05D02878800600D5EA690023C0
:1004800002E0012305E05B1C934202D2E05C0028FD
:10049000F9D1A869E618C01AA861286A1844286228
:1004A000284600F040FD04E0D5E9012114F8010BD5
:1004B0009047B442F8D3284600F04BFD70BD0000D1
:1004C0002DE9F0410646002410687529314616A52D
:1004D00010D000F04FFD002802DA404213A507E0DB
:1004E00031688A0701D512A502E0490704D511A594
:1004F000012401E000F047FD00210A2206F1240753
:1005000009E0B0FBF2FCB0FBF2F302FB1C00303060
:1005100078541846491C0028F3D123462A46304611
:10052000BDE8F04100F038BD000000002D000000E3
:100530002B000000200000002DE9F0418046D21D74
:1005400022F007020025D2E90002F52915A614D0F1
:10055000011E72F1000106DA0023D0EB030063EB09
:10056000020211A608E0D8F800108B0701D50FA6EB
:1005700002E0490701D50EA601251146002408F125
:10058000240704E000F07FFC30323A55641C50EA46
:100590000102F7D12B46324621464046BDE8F041E4
:1005A00000F0FABC000000002D0000002B0000004D
:1005B000200000002DE9F05F894604464FF0000A54
:1005C000DFF874B1FB44C0F820A02046E1688847FA
:1005D000002874D0252806D0D4E901219047206A4C
:1005E000401C2062F1E700265F462046E16888470C
:1005F0002028054607DB312D05D2781910F8200C8C
:1006000008B10643F1E7B00701D526F00406C4F8A7
:100610001CA00027C4F818A02A2D09D028460FF0E6
:1006200065F838B304EB8708303DC8F8185019E076
:1006300059F8041B204604EB87029161E168884762
:10064000012F054618D1E069002820DA26F020069F
:100650001DE0D8F8180000EB800005EB40003038B2
:10066000C8F818002046E168884705460FF03EF8B4
:100670000028EED1012F0AD02E2D08D12046E168A6
:1006800088477F1C0546022F46F02006C4DBA06980
:10069000002803DA404246F00106A061F00701D0CD
:1006A00026F010066C2D0BD0682D09D04C2D39D0BA
:1006B0006A2D35D0742D35D07A2D33D016E038E040
:1006C000E1682F4620468847B842054609D16C2F7D
:1006D00026D04FF48060E1680643204688470546EF
:1006E00004E06C2F1AD04FF4807006430DB3A5F1CF
:1006F0004100192802D8203546F400664A462946AA
:10070000204626604E46FFF779FD80B101280BD0C8
:10071000F61D26F0070000F1080956E74020E4E73F
:100720008020D8E70020D6E706F104094DE72846E7
:1007300052E7206ABDE8F09F50F800000FB400B502
:100740008DB010A9099000910B904FF0FF300A90E6
:1007500000200C90064878440690064878446A4683
:1007600007900F9909A801F03FFA0DB05DF814FB4E
:10077000AF140000C71400002DE9FF4F1C4691463E
:100780004FF0FF3581B000218A468846D4E90167E1
:10079000A16902986D1C8847216A83468847002812
:1007A000F6D1BBF1FF3F0CD0002F26F4C0661ADD56
:1007B000700615D5BBF12B0F0AD0BBF12D0F0FD151
:1007C00004E04FF0FF3005B0BDE8F08F46F48066DE
:1007D000A16902986D1C88477F1E8346002F02DDA9
:1007E000BBF1300F03D0B9F1000F2AD025E0A16989
:1007F0006D1C02987F1E46F400768847002F8346C2
:1008000005DDBBF1780F06D0BBF1580F03D0B9F16D
:10081000000F10D011E0B9F1000F02D0B9F1100FA4
:100820000BD1A1696D1C02987F1E26F400768847C3
:100830008346102000E0082081464FEAE9700090CE
:1008400017E00A20F8E74346AAFB0928DDF800C0B4
:100850007F1E03FB098046F4007605F101050AFBC3
:100860000C0112EB0B0A029841EBEB78A169884767
:100870008346002F06DD4946584600F025FF5FEA13
:10088000000BE0D5E16902988847B00502D46FF00B
:10089000010098E7F00718D1700610D55146700591
:1008A00005D50023D1EB030163EB080200E04246CB
:1008B0002068031D23600068C0E9001205E020687D
:1008C000011D21600068C0E900A828467BE72DE9EA
:1008D000FF5F1D464FF0FF3B91464FF000085F461B
:1008E000D5E90146A96901987F1C8847296A824693
:1008F00088470028F6D1BAF1FF3F0CD0002E24F42F
:10090000C06419DD600614D5BAF12B0F09D0BAF115
:100910002D0F0ED103E0584604B0BDE8F09F44F41B
:100920008064A96901987F1C8847761E8246002E44
:1009300002DDBAF1300F03D0B9F1000F26D032E05A
:10094000A969761E01987F1C44F400748847002E24
:10095000824605DDBAF1780F06D0BAF1580F03D000
:10096000B9F1000F10D01EE0B9F1000F02D0B9F1BB
:10097000100F18D1A969761E01987F1C24F4007409
:1009800088478246102002E0082000E00A208146C5
:1009900009E0A96908FB0908761E01987F1C44F448
:1009A000007488478246002E05DD4946504600F017
:1009B0008BFE0028EDDAE96901988847A00502D48A
:1009C0006FF00100A8E7E00725D1600613D56005A8
:1009D00002D5C8F1000000E0404629680A1D2A60DF
:1009E0000968220501D5087015E0220701D50880A5
:1009F00011E008600FE02868011D296000682105EA
:100A000002D580F8008006E0210702D5A0F800801A
:100A100001E0C0F8008038467EE72DE9FF5F4FF027
:100A200000089946144646469169D2E901A7DDF8C7
:100A300038B001988847054659EA0B0005D009E00F
:100A4000A1690198761C88470546216A284688478F
:100A50000028F5D1681C03D05FEACA7005D015E004
:100A60004FF0FF3004B0BDE8F09F2068011D216009
:100A7000D0F800800AE05FEACA7001D108F8015B93
:100A8000A169761C01987F1E88470546002F1ADD54
:100A9000681C18D0B9F1000F0DD0E81705EBD06035
:100AA000421120F01F0059F822102A1A012090400C
:100AB0000142E0D107E0BBF1000FDCD12846216AFA
:100AC00088470028D7D0E16901988847BBF1000F1B
:100AD00007D1002E05DD5FEACA7002D1002188F837
:100AE0000010A068B84203DDBBF1000F03D017B1BE
:100AF0006FF00100B6E73046B4E70000014A01F0AC
:100B0000A3B800000000002030B505460B462A4679
:100B100013F8014B12F8010B08B1A042F8D01CB138
:100B2000002802D06D1CF1E7284630BD40EA0103E1
:100B300010B59B070FD1042A0DD310C808C9121F86
:100B40009C42F8D020BA19BA884201D9012010BDC0
:100B50004FF0FF3010BD1AB1D30703D0521C07E08D
:100B6000002010BD10F8013B11F8014B1B1B07D1F1
:100B700010F8013B11F8014B1B1B01D1921EF1D162
:100B8000184610BD10B5431C02E010F8011B71B1EE
:100B90008107FAD14FF0013202C88C1A8C4314EA53
:100BA000C211F9D0C01A0A0603D0C01E10BDC01A67
:100BB00010BD0A0401D0801E10BD0902FCD0401EE9
:100BC00010BD032A40F2308010F0030C00F01580B5
:100BD00011F8013BBCF1020F624498BF11F801CB40
:100BE00000F8013B38BF11F8013BA2F1040298BFA5
:100BF00000F801CB38BF00F8013B11F0030300F00F
:100C00002580083AC0F0088051F8043B083A51F8B2
:100C100004CBA0E80810F5E7121D5CBF51F8043BB7
:100C200040F8043BAFF30080D20724BF11F8013B2A
:100C300011F801CB48BF11F8012B24BF00F8013B8C
:100C400000F801CB48BF00F8012B704710B5203ADF
:100C5000C0F00B80B1E81850A0E81850B1E8185067
:100C6000A0E81850203ABFF4F5AF5FEA027C24BF39
:100C7000B1E81850A0E8185044BF18C918C0BDE822
:100C800010405FEA827C24BF51F8043B40F8043BEB
:100C900008BF7047D20728BF31F8023B48BF11F8A0
:100CA000012B28BF20F8023B48BF00F8012B7047FA
:100CB00002F0FF0343EA032242EA024200F024B8B2
:100CC0004FF000020429C0F0128010F0030C00F075
:100CD0001B80CCF1040CBCF1020F18BF00F8012BF3
:100CE000A8BF20F8022BA1EB0C0100F00DB85FEAC1
:100CF000C17C24BF00F8012B00F8012B48BF00F88D
:100D0000012B70474FF0000200B5134694469646FB
:100D1000203922BFA0E80C50A0E80C50B1F120010E
:100D2000BFF4F7AF090728BFA0E80C5048BF0CC0BC
:100D30005DF804EB890028BF40F8042B08BF70471A
:100D400048BF20F8022B11F0804F18BF00F8012B8C
:100D5000704700000000000030B44FF0013C50F834
:100D6000042B51F8043BCCFA52F4D51A20D1FCB92B
:100D700050F8042B51F8043BCCFA52F4D51A17D191
:100D8000B4B950F8042B51F8043BCCFA52F4D51AFC
:100D90000ED16CB950F8042B51F8043BCCFA52F444
:100DA000D51A05D1002CDAD030BC4FF000007047C6
:100DB00029BAB1FA81F111F01801D1F12000844073
:100DC000F2D1CA40CB4012F0FF0213F0FF0330BC57
:100DD000D01A704770477047704770B5064600F0EC
:100DE0005BFF056806F10B0020F00704B4429CBFCE
:100DF000002070BD2B466A68BAB11068A04210D3BB
:100E000004F1080188423CBF5068586007D351681C
:100E1000101941601168091B016058601460101DB1
:100E200070BD13465268002AE7D12146284600F0DB
:100E300043FF0028DED170BD70B50446051F00F0E9
:100E40002BFF0068002C14BF446870BD002C18BF35
:100E5000AC423CBF20466468F8D301680A18AA4235
:100E600018BF456003D12A6805461144016028680F
:100E70004119A1421CBF6C6070BD61686960216846
:100E80000844286070BD30B5B0F10A0271F100036A
:100E90004FEA900E4EEA817EB0EB0E0061EB9101BD
:100EA0004FEA101E4EEA017E10EB0E0041EB1111CD
:100EB0004FEA102E4EEA016E10EB0E0041EB1121AD
:100EC0004FEA104E4EEA014E10EB0E0041EB11417D
:100ED000401841F100014FEAD00040EA41704FEA6A
:100EE000D1014FEA810444EA907410EB800544EB91
:100EF00001046D1944EB0404521BA3414FF000039D
:100F000048BF0A3200D530BD401C41F1000130BD60
:100F100010B500F0C9FE006810BD10B5044600F021
:100F2000C3FE046010BD70B5044685690068C10643
:100F300001D5302600E02026C00707D070BDD4E9D7
:100F4000012130469047206A401C20626D1EF6D574
:100F500070BD70B5044685690078C00707D170BDC3
:100F6000D4E9012120209047206A401C20626D1E98
:100F7000F6D570BD09684A0501D540B27047C9056C
:100F8000FCD500B2704709684A0501D5C0B2704768
:100F9000C905FCD580B270472DE9F0470D4699464A
:100FA0009246044600F124080168880604D5E069E9
:100FB00021F01001216000E00120A84201DD471B63
:100FC00000E00027A1697A1902EB0900081AA06164
:100FD0002078C00602D42046FFF7A5FF002608E0CF
:100FE000D4E901211AF806009047206A401C761CBB
:100FF00020624E45F4DB2078C0060AD52046FFF774
:1010000092FF06E0D4E9012130209047206A401C7D
:101010002062381EA7F10107F4DC07E0D4E90121C2
:1010200018F805009047206A401C2062281EA5F190
:101030000105F3DC2046FFF78CFF2078000602D57F
:101040000220BDE8F0870120FBE711680268006A12
:10105000530501D508700AE0D30501D5088006E0E4
:10106000130603D5C217C1E9000200E008600120A1
:1010700070472DE9FF4F0C461E464FF0FF378BB0EF
:10108000D2E90001DDF860800A908A46C1F30A5572
:1010900005B93D46002108464FF00000BAF1000FA7
:1010A00000F4400005DA00EB80004FF4400101EA53
:1010B00050004FEA9059B9F1010F00DDB9460A9886
:1010C00050EA4A000ED044F61050A5F2FF354543D1
:1010D0002F14B8F1000F1ED07542291E1EDDC9F174
:1010E00000021CE0B8F1010F4FF0000001D03021E8
:1010F00003E0F24305E02154401CB042FBDB3046E4
:101100000022002121540B99C1F80880C1E9002078
:101110000FB0BDE8F08FBD1B6D1CDEE74A4600DA5C
:10112000694206A801F0BCF906AB93E8070003ABDF
:1011300083E8070050460A990DF02EFB8DE8070062
:10114000A0F500501F3800900398002D0ADD42F2F0
:101150001F014A460844002303A9039068460DF086
:10116000D9FD09E0A0F500504A461F38002303A925
:10117000039068460DF0F8FD8DE807000004000CB0
:1011800003D04FF0FF30410800E01046B8F1000FE7
:1011900003D00022009215461EE0751E05D4FFF70D
:1011A00072FE303262556D1EF9D5B34601220843F6
:1011B00002D000227F1C04E02078302801D10022D8
:1011C0007F1E002A099784D01DE0112D07DAFFF752
:1011D0005AFE303262556D1C50EA0102F5D10843C7
:1011E00002D00098C8B10EE00021681E05E0235C23
:1011F000625C63542254401E491C8142F7DBAB46BB
:10120000A81B401E0990002004F80B000B98099AB7
:10121000C0F80880C0E9002B7AE711264FF00008DB
:1012200057E72DE9F04F88460446D21D22F007010A
:1012300091B0D1E90001CDE90A010DF0E1FE0246CD
:101240000B98C00F01D02D2007E02068810701D541
:101250002B2002E0202101EAC000032A099001D0DE
:10126000072A05DB03464146204600F009FF0BE153
:101270002078800601D5E06900E00620B8F1650F0E
:10128000814606D0B8F1660F18D0B8F1670F70D15B
:1012900031E00020B9F1110F009001DB112301E0D2
:1012A00009F101030AAA01A90CA8FFF7E2FEDDE992
:1012B0000C70002609F10105834647E001204B46EA
:1012C00000904FF000470AAA01A90CA8FFF7D1FE31
:1012D000DDE90DB00C995D46002610B909F1010059
:1012E0000D18B9EB050003D4C0F1FF3609F1010573
:1012F000A5EB09002BE0B9F1010F01DA4FF001096C
:101300000020B9F1110F0090484601DD112300E0E3
:1013100003460AAA01A90CA8FFF7ABFEDDE90C7091
:101320004D4600268346207800070AD4AB4500DAF4
:101330005D4601A8012D04DD411911F8011C302979
:1013400007D04F4502DA17F1040F04DA0120824674
:101350000FE06D1EEEE7002F02DCED1B3E4403E0C4
:10136000781CA84200DD7D1CB81B00F1010A4FF07B
:1013700000472078000703D4AA4501DB4FF0FF3A6D
:101380000021B7F1004F0DF143088DF8431024D030
:1013900002202B23002F01DA7F422D230A21021E77
:1013A000A0F1010000DC5FB197FBF1FC97FBF1F2CB
:1013B00001FB1C7C17460CF1300C08F801CDEEE760
:1013C000A8F1010003702188090501D5452100E03D
:1013D0006521A0F1010800F8011C09980FA9A1EBF3
:1013E0000807FF1D00B10120411901EBEA70A16956
:1013F0003844081A401EA0612078C00602D4204656
:10140000FFF791FD099828B1D4E901219047206A9E
:10141000401C20622078C00622D52046FFF783FDBD
:101420001EE0002E04DBB34502DD01A8805D00E074
:101430003020D4E901219047206A401C2062761CAC
:10144000AAF101005FEA000A0AD100F029FCC06895
:101450000168405CD4E901219047206A401C206269
:10146000281EA5F10105DCDC07E0D4E9012118F80C
:10147000010B9047206A401C2062381EA7F101072B
:10148000F3DC2046FFF765FD032011B041E60000C4
:1014900001694A1C02610878704700B58FB0CDE938
:1014A00001310021059105497944CDE90310114628
:1014B0006846FFF77FF80FB000BD0000E5FFFFFFB3
:1014C0000A6802F8010B0A607047D1E900239A42CA
:1014D00002D2531C0B601070704710B5436913B1F2
:1014E000AFF3008001E0FEF7C1FF012010BD1278CC
:1014F00000F124010A7000224A700122EDE7116810
:101500004FF0FF32E9E700002DE9FF5F15468A46FC
:101510000446DFF8AC80F8440027D8E900103E46C6
:10152000CDE9001010E03AF816106A4602A801F062
:1015300029F8411C07D02178890603D5E2693918BA
:1015400091420DD80744761C2078800602D5E069C8
:10155000B84205DDAE42E6DB3AF816000028E2D1DB
:10156000A069C01BA0612046FFF7DDFCD8E9001090
:10157000CDE90010002017E03AF818106A4602A8DA
:1015800001F000F8B0F1FF3F81460BD000250DF1CE
:10159000080B05E0D4E901211BF8050090476D1CFC
:1015A0004D45F7D308F10100B0428046E4DB206AE4
:1015B000384420622046FFF7CCFCBDE8FF9F0000C6
:1015C00012E9000030B4002100F1240408E002F028
:1015D0000705D208303542EA4372DB086554491CDE
:1015E00052EA0305F3D10468002310A2250708D5A9
:1015F00004F020040C4304D0C46901230CA2641E2F
:10160000C46130BCFFF7C8BC10B504462146106861
:10161000FFF7B9FC02462046BDE810400023D1E7A1
:10162000D21D22F00701D1E90023CBE70000000022
:1016300030000000F0B40D460188090502D5214CA8
:101640007C4402E01F4C7C440E34002100F124064F
:1016500008E002F00F071209E75D42EA03721B0976
:101660007754491C52EA0307F3D10278002312078A
:1016700004D5702D06D009B1022311342246F0BCE6
:10168000FFF78ABC01231034F8E770B504460D4615
:1016900021461068FFF777FC024629462046BDE840
:1016A00070400023C6E7D21D22F00703D3E90023D0
:1016B000C0E70368126843F0200303600823C36196
:1016C0000023B7E7F0E700003A2800D2303820F0D6
:1016D0002002412A01D3A2F13700884201D34FF002
:1016E000FF3070472DE9FF4F06468BB00878FF2882
:1016F00006D0491C2D2805D000244FF0000908E031
:1017000000200CE00124F8E709EB8903491C00EBF9
:1017100043090878FF28F7D114B1C9F100008146C8
:10172000107800252C46AA4629462D2801D02B28C2
:1017300004D1521C2D2813D0002082468B461078ED
:10174000FF280FD04FF0000C0A21521CA5FB017896
:1017500004FB018105FB0C11C5194BEB0104EEE7FD
:101760000120EAE7002108464FF00000BAF1000F1F
:1017700002D000EB80004008C0F38157012F01DD4B
:101780004FF0FF370E9955EA040009EB01080BD022
:101790004FF0020918F5FA7F16DA4FEACA70002FE7
:1017A000706008DD012007E04FEACA70C6E900B0AA
:1017B0000FB0BDE8F08F0020306000F075FAC0F87F
:1017C00000901821084616E0B8F5FA7F18DD002FC2
:1017D00002DAF748784401E0F6487844D0E900108E
:1017E000C6E9001040EACA70706000F05DFAC0F807
:1017F0000090142108460FB0BDE8F04F0EF087BAF4
:10180000002108464FF00000B8F10001099002DA0B
:10181000C7F1000200E03A4601DAC8F1000106A86B
:1018200000F03EFE06AB93E8070003AB83E8070039
:1018300044F23E005BEA04010090584604D144F2B1
:101840001E012C465D460091210C0904014306D17E
:101850000099240444EA15442D041039009104F041
:101860007F41014306D10099240244EA15642D0208
:101870000839009104F07041014306D10099240118
:1018800044EA15742D01091F009104F04041014301
:1018900006D10099A40044EA9574AD00891E009118
:1018A00004F00041084304D100986D196441401EC2
:1018B00000904FF001033A466846B8F1000FCDE9B9
:1018C000014503A902DD0DF064FA01E00DF037FADD
:1018D000BAF1000F04460D4601D084F00044002107
:1018E00008464FF00000099940F2FF77484010F099
:1018F0000C0F07D124F00040284303D0C4F30A5052
:10190000B84212D100F0D0F9C0F80090C4F30A50E8
:10191000B8420AD1A8487844D0E90010C6E90010BE
:1019200004F000410843706042E7C6E900543FE715
:101930002DE9FF4F1F464FF0000A4FF0FF38454694
:1019400091B0D7E90146CDF83CA000F0A9F9C068F4
:101950000168405C1090B96912986D1C8847396A1B
:10196000814688470028F6D1B9F1FF3F0AD0002E02
:1019700024F4D06411DDB9F12B0F08D0B9F12D0F8B
:101980000BD102E0404615B013E744F48064B96916
:1019900012986D1C8847761E8146600504A901D502
:1019A0002D2000E02B20002E01F1010B0DF130085D
:1019B0008DF810003FDDB9F1690F08D0B9F1490F7A
:1019C00005D0B9F16E0F02D0B9F14E0F1CD13B46D4
:1019D00001A8009580E85002DDE912126FF00200C4
:1019E0000EF000FAC11CCED10EE0B96912986D1C40
:1019F000884781461398761E44F4007405600F985A
:101A0000401C002E0F9016DDB9F1300FEDD0B9F16A
:101A1000780F02D0B9F1580F0DD10F9801280AD1D3
:101A20003B46CDE90054DDE91212001F02960EF08C
:101A3000D7F9C11CA7D1109989453ED144F0800443
:101A400006E01399681CAAF1010A44F400740860C6
:101A5000B9696D1C1298761E884730288146F0D0EF
:101A60002BE01099894505D1200603D4761E44F059
:101A7000800418E048460DF039FE08B3761E0DF1DB
:101A800023029345A9F1300044F4007406D20BF808
:101A9000010B200607D5AAF1010003E0200602D4BD
:101AA0000AF101008246A00502D51399681C08605E
:101AB000B96912986D1C88478146002ED1DC53E02D
:101AC000002E51DDB9F1650F02D0B9F1450F4BD1B0
:101AD000A00549D5B9696D1C1298761E24F440748E
:101AE0008847002E81460CDD2B2804D0B9F12D0F3C
:101AF00007D144F48074B96912986D1C8847761E2A
:101B00008146E00501D52D2100E02B2108F8011BBD
:101B1000CDF8008021E0761E0DF13901884544F4AE
:101B200000740CD2A9F1300010F0FF0088F800001A
:101B300002D10099884509D908F1010806E0E005BD
:101B400001D51E4801E042F20F708246B969129831
:101B50006D1C8847814613980560002E04DD4846B9
:101B60000DF0C4FD0028D6D1F96912988847FF20EE
:101B700053468BF8000088F8000000200A900B9074
:101B800004AA0CA90AA8FFF7ADFDA00502D46FF0C6
:101B90000100F8E614F0240F12D0E0071CD13868D9
:101BA000DDE90A12031D3B600068C0E9001213E082
:101BB00010EC000002EC0000C6EA0000F1D8FFFFC4
:101BC0000AA968460DF0D4FCE00705D13868009AF0
:101BD000011D3960006802602846D4E6026811449D
:101BE0001378016018467047D16005497944516106
:101BF00004497944116200211161114600F096BA3E
:101C0000EDFFFFFF7D010000426842B1016811F85D
:101C1000013B23B1521EC0E9001218467047012152
:101C2000C160881E704742685AB1C368016843B9F1
:101C300083688B4205D0491E521CC0E90012002067
:101C400070474FF0FF3070472DE9F04115460E46C2
:101C5000040002D12C6804B90BA4204600F0C6FC95
:101C60000444207870B127463146384600F0AEFC77
:101C70000444207810B1002004F8010B38462C6091
:101C8000BDE8F0810027F9E70000000001491820B5
:101C9000ABBEFEE726000200004870476800002047
:101CA0000048704780000020004870476000002016
:101CB000704770477047704738B504460A460020A1
:101CC0006946AFF30080002808BF38BD024600997E
:101CD000204600F0CBFC012038BD012000F018BFE9
:101CE000F8B5AFF30080054600200C46102000BF79
:101CF0000646A819A0420DD9324669460020AFF326
:101D00000080070008BF00F003FF0098A04218BF42
:101D10000546C419FFF7C0FF05600746F01D20F017
:101D200007004619284600F00AF8B44208BFF8BD7B
:101D3000A21B31463868BDE8F84000F097BC00218E
:101D40000160C0E90110704710207047B2F1200314
:101D50000AD5C2F1200301FA02F120FA03F341EAA5
:101D6000030100FA02F0704700FA03F14FF000009F
:101D7000704710B5044600F071FC0068005D00F08B
:101D8000010010BD2DE9F04F04460D46D21D22F092
:101D9000070089B0D0E90097484639460DF030F980
:101DA0000246F80F01D02D2307E02068810701D5F6
:101DB0002B2302E0202101EAC0038DF820300BB173
:101DC000012000E00020032A824601D0072A04DB1C
:101DD0002946204600F054F93FE12078800601D4DE
:101DE0000D2500E0E569C7F30A560D2D49DA0021FB
:101DF0004FEA175B08464FF00000002F00F4400048
:101E000007DA00EB80004FF4400100EBD07001EAEC
:101E100060008115012901DD4FF0FF3100224FEAFA
:101E2000850CBCF1180F06D31346ACF118004FF027
:101E30008052C24003E04FF4801323FA0CF30CF1FC
:101E40000C0CBCF1200F04D3ACF1200C09FA0CF0FF
:101E500001E007FA0CF000294FF0004801DD18B945
:101E60000FE00ED140450CD319EB02095F4121B9B7
:101E7000404502D19F4329EA0209BBEB175F00D01E
:101E8000761C2088000502D57B48784402E07A4819
:101E90007844193808AA302302F80A30037C0AF182
:101EA0000101002E0AF1020A53546A4602DC4FF087
:101EB000300101E04FF031014FF001088DF80010C2
:101EC00002D0A6F2FF3603E059EA470100D06B4E7C
:101ED000002D02DC2178090704D54FF002082E21DD
:101EE0008DF80110C44600210BE0C7F303433F0106
:101EF000C35C491C6D1E02F80830052908F1010871
:101F000001DA002DF1DC00210CE000EB1973491C13
:101F10001B786D1E082902F808304FEA091908F1EC
:101F2000010801DA002DF0DC21688B0602D516E0ED
:101F3000A8F10108E04505DD02EB080313F8013CB8
:101F4000302BF5D0B8F1000F09DD02EB080313F8D0
:101F5000013C2E2B03D1090701D4A8F10108002D63
:101F600005DD3E2102F808106D1E08F10108407CD5
:101F7000002E02F8080008F1010804DA2D2076424C
:101F800002F8080002E02B2002F808000A214FF4B2
:101F90007A70864208F101080BDB96FBF0F33033D0
:101FA00002F8083096FBF0F308F1010800FB136615
:101FB00001E0642E0CDB642096FBF0F3303302F872
:101FC000083096FBF0F308F1010800FB136601E00E
:101FD0000A2E06DB96FBF1F0303002F8080008F11B
:101FE000010896FBF1F001FB1060303002F80800A8
:101FF000A16908F1010808EB050202EB0A00081AC2
:10200000A0612078C00602D42046FEF78CFF216A2A
:1020100008AE01EB0A00206204E0D4E9012116F8C1
:10202000010B9047BAF1010AF7D22078C00602D519
:102030002046FEF778FF6E4609E016F8010B3E28B1
:102040000FD0D4E901219047206A401C2062B8F1EA
:102050000108F2D22046FEF77CFF09B00320BDE85C
:10206000F08F206A2844206203E0D4E90121302067
:1020700090476D1EEBD3F8E701E0000002FCFFFF84
:102080002DE9F0411F46044603260168072A01F4A2
:10209000006004DB08B116A505E016A503E008B151
:1020A00015A500E015A521F010002060A069C01E54
:1020B000A0610FB1401EA0612046FEF734FF4FB172
:1020C000D4E9012138469047206A401C2062C01C98
:1020D000206206E0206AFAE7D4E9012115F8010B35
:1020E0009047761EF8D22046FEF733FFBDE8F08118
:1020F0004E414E006E616E00494E4600696E6600AC
:1021000010B5436913B1AFF3008001E0FFF7FCF9AC
:10211000012010BD128800F1240182840022C284B3
:102120000122EDE711684FF0FF32E9E72DE9F34FA7
:102130004FF0000A0C4656468DB001200C9001F17C
:102140000C000B9062690B9801219047051E2DD061
:10215000252D2CD0216A8847C0B162690B980121D6
:102160009047216A88470028F7D16269411E0B9881
:10217000904700E0761CA1690D988847216A88473E
:102180000028F7D1E1690D988847DBE7A1690D9830
:102190008847A842074601D1761CD3E7E1690D982C
:1021A00088477F1C02D1BAF1000F6FD06BE16269E2
:1021B0000B9800273D46394690472A2804D162698A
:1021C0000B98012190470125DFF8D08262690B98B6
:1021D00001219047A0F130010A290AD24745E5DCE8
:1021E00007EB870100EB4107303FDFD445F01005D6
:1021F000ECE7E90601D46FF000476C280AD04C28C0
:1022000014D0682815D06A280DD074281CD07A28DC
:102210001AD01DE062690B98012190476C2802D00A
:1022200045F0040514E045F002050DE045F02005F9
:102230000AE062690B9801219047682802D045F0B6
:10224000080505E045F4006562690B980121904797
:10225000C4E9015765283DD019DC58287AD00CDC38
:10226000452837D004DC252826D041289ED131E0EE
:1022700046282FD0472899D12CE05B2877D06128B9
:1022800028D063287CD0642823D15AE0F6E06F2858
:1022900048D008DC66281DD067281BD0692821D0CB
:1022A0006E2816D127E0702845D0732868D075288D
:1022B00047D078280DD14DE0A1690D988847252891
:1022C00005463FF469AFE1690D9888476D1C3FF4FE
:1022D0006AAFD8E00D9923466A466FF001000DF011
:1022E0007DFDC5E045F0400023464FF000026060F0
:1022F000A80736D43EE0E8077FF447AF2068011D09
:1023000021600068290501D506701BE7290701D562
:10231000068017E7A90703D5F117C0E9006111E7A7
:1023200006600FE745F0400023464FF0080260606A
:10233000A80716D41EE040F60E0125EA01006060F1
:1023400016E045F0400023464FF00A026060A807FF
:1023500007D40FE045F040006060A80708D5234689
:1023600010220D996FF00100FEF706FA80E007E0F9
:10237000102223460D996FF00100FEF7A8FA77E0CE
:102380004FF0000963284F46C8464B46CB4602D063
:102390005B2806D038E0E80601D40120A0600127C0
:1023A00032E06269D4F80CB00B98012190475E28A6
:1023B00007D14FF0010949466269D4F80CB00B9877
:1023C0009047216939B900210A4603AB43F821201F
:1023D000491C0829FADBD8B3216949B308F101087F
:1023E00062690B98012190475D28F4D1B9F1000F83
:1023F00009D0002003A951F82020D24341F8202021
:10240000401C0828F7DB03AB2069002820794FEA3D
:1024100040701ED05B462246CDF80080CDE9019782
:102420000D9900286FF0010020DAAFF300801FE063
:10243000C11703AA00EBD1614B1121F01F0102EB80
:102440008302411A13680120884003431360C7E7E1
:1024500019E00D99224600286FF00100009702DA7A
:10246000AFF3008004E0FEF7D8FA01E0AFF300809C
:1024700000280ADA401C06D10C9820B14FF0FF303A
:102480000FB0BDE8F08F5046FAE7E90701D10AF135
:10249000010A064400200C9054E60000CCCCCC0C81
:1024A0002DE9F047814616468AB0354878440DC874
:1024B0008DE80D0032487844801C03AC0DC884E8D8
:1024C0000D0041F69B300844372190FBF1F290FB60
:1024D000F1F5A5F1800501FB12041B3C02D5644215
:1024E000012000E00020DFF898A080460027FA4491
:1024F000AAF1BE0A0EE0E0070AD03246684607EBB2
:10250000470101230AEB81010CF02EFC8DE8070046
:1025100064107F1C002CEED1194F7F44AE3F19E0B0
:10252000E80715D007EB04100DF1180A90E80E002B
:102530008AE80E00C068F04201D19819089032462E
:10254000012306A903A80CF00FFC03AB83E80700E6
:102550006D10641C002DE3D14FF001033246694633
:10256000B8F1000F03A802D00CF0D4FB01E00CF08E
:10257000FBFBC9E90001C9F808200AB0BDE8F087F3
:1025800070DA00002DE9F04116460C46054600F0D1
:1025900065F8036893F80101012807D0FF2C12D8D1
:1025A000185D80B101202C70BDE8F081D3F80701DF
:1025B0003246214603F20713C7182846BC46BDE839
:1025C000F041002360474FF0FF30EDE730B50346A0
:1025D0001D781DB10A4603E0AC4201D1181A30BD86
:1025E00012F8014B002CF7D15B1CF1E730B5034624
:1025F0001D783DB10A4612F8014B1CB1AC42FAD12C
:102600005B1CF5E7181A30BD0048704760000020D9
:1026100070477546FFF7F8FFAE460500694653461A
:1026200020F00700854618B020B5FDF765FEBDE82F
:1026300020404FF000064FF000074FF000084FF029
:10264000000BAC46ACE8C009ACE8C009ACE8C00976
:10265000ACE8C00921F007018D46704710B5FFF7BF
:102660001FFB001D10BD00BF91D100000346406854
:102670008C46002818BF88423CBF03464068F8D308
:1026800018681844884207D00CF1030020F00700B6
:10269000001D411A521A0146081D0A60FEF7CCBB04
:1026A0002DE9FF4F1F464FF03C0987B04FF0004225
:1026B000DDE9141001F10108DDF858A002EA4050EC
:1026C0000390002005908346054604460490B969AE
:1026D000461E08988847AAF1010A0290BAF1000F35
:1026E0003BDD02982E2815D01021FEF7EDFF0028C3
:1026F0002EDB4FF0010B0599014317D0B9F1000F04
:102700000BDB4A46C117FFF721FB05430C43A9F138
:10271000040905E0012004900BE008B145F0010533
:1027200001200590049820B9361D02E0049800B1FC
:10273000361FB969089808F101088847BBF1000FF6
:10274000AAF1010A0290C9D00999C1F80080C5E731
:102750000298702808D0502806D0F9690898884750
:10276000BBF1000F14D04FE0002002900120BBF11C
:10277000000F049009D0B969089808F1010888474A
:10278000AAF10109B9F1000F07DCF9690898884737
:102790006FF001000BB0BDE8F08F2B2804D02D287E
:1027A0000CD14FF0FF300490B969089808F1010886
:1027B0008847A9F10109B9F1000FE6DD411CE4D019
:1027C0000A21FEF781FF0028DFDB029908F10108EA
:1027D00001EB810100EB41000290B969089888473C
:1027E0000A21FEF771FF099AA9F10109B9F1000F59
:1027F000C2F8008001DD0028E7DAF9690898884707
:102800000499029800FB016655EA040004D004F024
:102810004041090002D006E0039898E0A40044EA91
:102820009574AD00B61E04F00041080002D16D1988
:102830006441761E159810F0240F03D04FF00B0959
:102840005C4803E04FF028096FF07D008246564552
:1028500007DAAAEB06018944B9F1410F01DD4FF017
:10286000410901200021A9F10102FFF76FFA024698
:1028700028400B462140084301D0012100E00021FF
:10288000501E029143F1FF3128402140084301D0FE
:10289000012000E000200299834651EA0B014FD04D
:1028A000002108464FF00000039900F4400039B1C0
:1028B00000EB80004FF4400100EBD07001EA6000B3
:1028C0008015012802DD4FF0FF3000E013D0401CDE
:1028D00036D0029860B3BBF1000F0CD14A460120FC
:1028E0000021FFF733FA28402140084301D001209E
:1028F00000E00020E0B101204A460021FFF726FA5F
:10290000034640190A4661412D1A8C4111D3B9F191
:10291000400F09DD159810F0240F02D0AAF13406FB
:1029200003E0AAF1170600E0761C00254FF00044F2
:1029300006E05B1E42F1FF3220EA030521EA0204B1
:10294000CAF10100B04206DA1B490398084301901E
:10295000002000900EE0039AC4F3D321E80A0A4352
:10296000164940EA44500A433146CDE90002684620
:102970000CF0B2FE159810F0240F0BD01598C0077C
:1029800015D13868DDE90012031D3B600068C0E91D
:1029900000120CE002A869460CF0EAFD1598C00789
:1029A00005D13868029A011D39600068026040460E
:1029B000F0E6000002FCFFFF0000F07F0000F03FA7
:1029C0002DE9FF4F92461D4685B04FF00041DDE9ED
:1029D000124BDDE914727F1E01EA4B50414940F071
:1029E000FF4940EA0108002122F020004928049113
:1029F00002D04E2828D04CE03BA0012607C88DE825
:102A00000700A9690698641C88477F1E014606D402
:102A10001DF8060018B121F0200181420BD0E969B0
:102A200006988847032E34D0082E32D06FF001006C
:102A300009B0BDE8F08F761C032E01D0082EE0D13E
:102A4000601CCAF80000DCE7A9690698641C884786
:102A50007F1E2AD420F02000412826D1A96906989B
:102A6000641C88477F1E20D420F020004E281CD1F3
:102A7000A9690698641C88477F1E48F4002849F419
:102A80008009CAF8004001D4282806D0E9690698D0
:102A900088475FEACB7012D022E0A9690698641CCF
:102AA00088477F1E01D4002803DAE9690698884721
:102AB000BCE72928F1D1641CCAF80040E9E71BF003
:102AC000240F07D028680499031D2B600068C0E913
:102AD000001805E02868021D2A600068C0F8009010
:102AE0002046A5E70000F07F494E46494E4954591B
:102AF0000000000010B50446AFF300802046BDE89A
:102B00001040FDF7E4BB002801D0FFF7BFB87047C5
:102B100010B500F01DF8BDE81040FFF7F4BF70B528
:102B200005460C460A2000E06D1C00F039F835B16E
:102B300028780028F8D102E0641C00F031F814B1C4
:102B400020780028F8D1BDE870400A2000F028B8AD
:102B500010B5012805D0002103A0FFF7E0FF0120F8
:102B600010BD09A1F8E7000053494752544D454DA7
:102B70003A204F7574206F662068656170206D651E
:102B80006D6F7279000000003A2048656170206D19
:102B9000656D6F727920636F727275707465640011
:102BA00008B569468DF800000320ABBE08BD0000E3
:102BB00080B50146806B036C026C13F0500F06D099
:102BC000D2060FD4806BC26C0846904780BD42F499
:102BD0000071016401688A6812F0405F05D000F05E
:102BE00019FA80BD00F01AFA80BD027E002AF6D1E3
:102BF000CA6A12F4700F02D08A685205EFD44A688C
:102C000022F020024A60016C21F480710164016CA1
:102C1000C904E4D4016C41F00101016400F0FAF947
:102C200080BD000080B5806B40210164416C41F0A3
:102C30000401416400F0F2F980BD000080B5806BB2
:102C400000F0EAF980BD000010B542F20432C4F28F
:102C50000102116821F440311160D2F800C090E8FF
:102C60000A4043EA0C03C46813604A6822F4807285
:102C70004A6002694B6843EA02224A604A6822F0CD
:102C800040724A604A6842EA0E024A608A6822F448
:102C900000628A608A6822438A60826A8B680124A3
:102CA00023F070638B608B68C0F60074A24202D17F
:102CB00023F0405208E01A438A608A6822F04052AA
:102CC0008A60C26A8B681A438A608A6822F00202AC
:102CD0008A608A68037E90F8204042EA43028A6054
:102CE0004A6884B142F400624A604A684EF20003C6
:102CF00022F460424A60426ACFF6FF734C6803EBED
:102D00004232224301E022F400624A60CA6A40F281
:102D1000000C22F47002CA62C3694269CFF6F07CEB
:102D2000CC6A0CEB03532343CB628B6823F4007310
:102D30008B6090F830008B6843EA40208860886898
:102D400020F480608860886840EA8220886010BD36
:102D5000FEE7000080B540F28850C2F2000000F0AB
:102D60000DFD80BD80B588B00A460021CDE9041173
:102D700002900820069040F288508DF81C10C2F294
:102D8000000002A901AB00F0A9FB002818BF00F069
:102D9000B9F808B080BD0000B0B58AB003200121A9
:102DA0000022012400250AF083FC40F63871C2F2AB
:102DB0000001086044F22000CDE900054FF6807064
:102DC0000290022003A931C1CDE90654089440F2D3
:102DD00088540E20C2F2000409906946204600F093
:102DE000C7FB204600F00EFF002818BF00F08AF84D
:102DF00040F28850C2F20000102100F05BFB0AB0E4
:102E0000B0BD000080B540F21060C2F2000000F0DA
:102E10008DFF80BD80B540F2D060C2F2000000F0AE
:102E200085FF80BD80B540F27060C2F2000000F006
:102E30007DFF80BD80B540F2B050C2F2000000F0CE
:102E400075FF80BDD0F800C06FF00F024AF6AB23CB
:102E500052FA8CF2CAF6AA230146A2FB03300009FB
:102E600005A31B5C40F2FF302CEA00005F2A88BFFC
:102E70000430C1E91603704700061016000610164C
:102E80008269816AB2F5005F06D06AB9022912D060
:102E9000012914D0D1B90EE0032917D8DFE801F0D9
:102EA000020B020F0120704703293CBF012070472D
:102EB0001CBF00207047C06AC0F300607047C06A42
:102EC000A0F1C070B0FA80F0400970470020704750
:102ED00080B5D0F800C0D0F808E0DCF80000BEF102
:102EE000400F20F48020CCF800000846CCF80430D5
:102EF00004BF10460A46CCF80800CCF80C2080BD70
:102F00007047000072B600BFFEE7000070B581B0E8
:102F10000022009290F83C20012A01D1022156E0C3
:102F20000E6801221FFA86FC80F83C204FEA4C0212
:102F300012FA86F302680A2E32BF10321E3B0C32A0
:102F40004FF0070E15680EFA03F4A54315608D685F
:102F5000146805FA03F3234313604968062906D869
:102F6000026801EB8101053902F134030AE00C2902
:102F700001EB8101026887BF413902F12C0323393B
:102F800002F130031F221C688A4024EA02021A6000
:102F90001A680CFA01F1114342F2043E1960C4F2BE
:102FA000010E0168122EAEF5417208BF914205D1A3
:102FB000DEF8003043F48003CEF8003026F0010341
:102FC000102B08BF914205D0002180F83C10084624
:102FD00001B070BDDEF80010102E41F40001CEF8F3
:102FE0000010F1D140F20401C2F2000109684DF66F
:102FF0008362C4F21B32A1FB0212910C01EB81012E
:10300000490000BF009100990029DDD000990139E5
:10301000F8E70000704700007047000070470000AC
:103020000068C06C70470000B0B510B30446006C77
:1030300030B9204600F020F80020606484F83C009D
:10304000206C0125C0060FD4206C41F20211884388
:10305000023020642046FFF7F7FD00206064206CFA
:1030600065F3010000252064002084F83C00284618
:10307000B0BD0120B0BD000070B586B00446002090
:10308000CDE90400CDE90200216842F20012C4F249
:103090000102914201904BD042F20000C4F20100C3
:1030A000814268D1002643F630050096C4F202053D
:1030B000686901A940F480706861686900F48070F3
:1030C000009000980096286840F004002860286866
:1030D00000F0040000900098072001900320CDE943
:1030E00002060020C4F2020000F5006000F07EFF3E
:1030F00005F5315040F2B055C2F200054FF4806141
:10310000C5E9000605F110004FF400624FF40053CA
:10311000C5E902664EC02846C5E9086600F0CCFE47
:10312000002818BFFFF7EEFEA563AC6306B070BDC4
:1031300043F630010090C4F202014A6942F4007281
:103140004A614A6902F400720092009A00900A688B
:1031500042F001020A60096801F001010091009942
:10316000022101910321CDE902100020C4F20200E6
:1031700001A900F03BFF06B070BD0000F0B581B0C2
:10318000044600680D468268520544BF80685FEAC5
:10319000C0502BD401F004F821680A68920715D4B6
:1031A00006466F1C08E000BF20680068800727D52E
:1031B00021680868800709D4002FF9D0002DF3D0CA
:1031C00000F0EEFF801BA842EED8F1E76FF012008E
:1031D0000860206C40F400702064886810F0405F44
:1031E00001D1207EB0B1002001B0F0BD206C40F0D4
:1031F00020002064002084F83C00012001B0F0BDD4
:10320000206C40F004002064002084F83C0003207F
:1032100001B0F0BDC86A10F4700F02D08868400594
:10322000E1D4206C20F480702064206CC004DAD4D7
:10323000206C40F001002064D5E7000081B000213F
:10324000009190F83C10012902BF022001B07047A4
:103250000122016880F83C208A68D20718D18A6868
:103260004DF6836342F001028A6040F20402C2F22A
:1032700000021268C4F21B33A2FB03239A0C02EB78
:10328000420200BF0092009A12B1009A013AF9E797
:103290008B68026CDB0707D142F010010164416CBE
:1032A00041F00101416450E040F201739A4302F59C
:1032B000807202644A68520504D5026C012363F3EC
:1032C0000D320264026C00234FF0000CD20444BFA4
:1032D000426C22F0060342F20432436480F83CC0A0
:1032E0006FF02200C4F2010208601068C006A2F567
:1032F00041700AD0814228D14FF60450CFF6FF70BA
:10330000105810F0405F20D11BE0814215D042F2EE
:103310000020C4F2010081420CD042F20010C4F23D
:103320000100814211D11068C00606D0A2F582705A
:1033300081420AD11068C00607D4886810F0405F47
:1033400003D1886840F080408860002001B0704759
:1033500070B582B004460020019094F83C0001282A
:1033600002D1022002B070BD13460A460120216836
:1033700084F83C008868C00718D188684DF68365DA
:1033800040F00100886040F20400C2F200000068D2
:10339000C4F21B35A0FB0505A80C00EB400000BFE4
:1033A0000190019810B101980138F9E78868C005CB
:1033B00003D5886820F4807088608D68206CED07E4
:1033C00007D140F010002064606C40F001006064A0
:1033D0006CE040F20175A84300F5807020644868F5
:1033E000400504D5206C012565F30D302064256C63
:1033F0000020ED044FF0000544BF656C25F0060584
:10340000656484F83C00A06B42F6B13542F63D4C51
:10341000C0F60005C0F6000CC0E90F5C42F6254579
:10342000C0F60005C5646FF022050D604D6842F2DC
:10343000043645F080654D608D68C4F2010645F4A0
:1034400080758D604C3100F09FFD31682068C906A1
:10345000A6F541710AD0884228D14FF60451CFF623
:10346000FF71715811F0405F20D11BE0884215D0E8
:1034700042F20021C4F2010188420CD042F2001154
:10348000C4F20101884211D13168C90606D0A6F5FF
:10349000827188420AD13168C90607D4816811F067
:1034A000405F03D1816841F080418160002002B01B
:1034B00070BD000090F82020013A012A04D800686D
:1034C00000F11402002004E000F1240201204FF476
:1034D00080211368194311607047000010B590F8FF
:1034E00020E0D0F800C0AEF1010EBEF1010FDCF813
:1034F00008E00ED81EF0E05F11D0CEF3016E01207F
:1035000000FA0EF018608B687BB1486843EAC0038C
:103510000DE000F1240101204FF4802223E000F1AE
:10352000240101204FF400121DE008684305D1E991
:10353000030403430CEB0E10C0F88031C0F8844143
:10354000097D012905D100F5C2710B6843F4807330
:103550000B605168C0F88C11126800F5C071C0F89A
:103560008821002001220B681A430A6010BD000068
:10357000B0B590F82020013A012A2FD846F2006019
:10358000C4F20000026842F001020260026822F404
:103590007C520260D1F814E0CC694A6A0368012CBD
:1035A00043EA022202600EF01F024FF0010303FA09
:1035B00002F2C3696FEA020C23EA0203C36113D06B
:1035C0002CBBC36803EA0C03C360CB688C8844EA55
:1035D000034300EBCE0423640B4611E0416A41F43F
:1035E000802141620120B0BDC3681343C3600B68F2
:1035F0008C8844EA034300EBCE04236401F10C03FE
:103600008C681B8843EA044300EBCE046364436880
:103610008D6943EA0204D1F810E0096A002D08BF61
:1036200003EA0C0444604369BEF1000F43EA02045C
:1036300008BF03EA0C040129446102D1C1691143A6
:10364000C161016821F0010101600020B0BD0000EE
:103650007047000010B590F82040013C012C0CD8B8
:10366000D0F800C079B1DCF81040A4070FD100F108
:10367000240101204FF4001276E000F12401012022
:103680004FF4802270E0DCF80C40A40770D00CEB03
:10369000011CDCF8B0410CF5D87E14F004049460F1
:1036A000DCF8B04119BFE4085460640D1460DEF822
:1036B00000400CF5DA7E04F00204D460DCF8B4417A
:1036C00024075ABFDEF8004004F00F0408241461F8
:1036D000DEF800400029C4F307249461DEF80040BE
:1036E0004FEA14445461DCF8B8211A70026802EB06
:1036F0000112D2F8B8214FEA12225A70026802EB86
:103700000112D2F8B8214FEA12429A70026802EB15
:103710000112D2F8B8214FEA1262DA70026802EBA5
:103720000112D2F8BC211A71026802EB0112D2F820
:10373000BC214FEA12225A71026802EB0112D2F840
:10374000BC214FEA12429A71026802EB0112D2F8D0
:10375000BC214FEA1262DA71006814BF00F1100157
:1037600000F10C01002020220B681A430A6010BDF2
:1037700000F1240101204FF40012F5E72DE9F04F8C
:1037800081B0044600684669D0F804908768D0F894
:103790000CB0D0F810A0D0F81880F10703D10025A4
:1037A00030071CD423E0F90710D00121BA0781604B
:1037B00009D4780700F1AA80380700F1B0802046CC
:1037C00000F04EFA02E0204600F04CFA0025F80521
:1037D00000F18480F80300F1AA80300707D51BF0C0
:1037E000100004D0206845F400751021C1607007F6
:1037F00008D51BF0080005D020680821C1602046CC
:1038000000F09CF9B00706D52068C068800702D098
:10381000204600F095F9700607D51AF0100004D084
:10382000206845F4806510210161B00608D51AF0C2
:10383000080005D0206808210161204600F082F9C7
:10384000F00606D520680069800702D0204600F007
:103850007BF9B00308D519F0100005D020681021BD
:103860004160204600F0CCF9F00308D519F00800BB
:1038700005D0206808214160204600F0FDF93004A1
:1038800040F18F805FEA497040F1888006F48070D3
:1038900008EA102028435FEA8871014648BF41F0DA
:1038A0000201B20558BF01465FEA48700D4648BFA5
:1038B00045F00405700558BF0D4630056ED518F06B
:1038C00070006BD010380009052862D8DFE800F0DE
:1038D000035356595C5F45F008055AE020684FF4E1
:1038E0008071BA0581600AD4780512D4380519D4DC
:1038F000204600F0B9F9F8037FF56FAF17E02046D6
:1039000000F0B4F9F8037FF568AF10E04FF40065FC
:103910005DE705F50055F8037FF55FAF07E04FF46D
:10392000805554E705F58045F8037FF556AF2068CC
:103930004FF48031BA0381600AD478030FD438037E
:1039400013D4204600F094F930073FF548AF4EE716
:10395000204600F08FF930073FF541AF47E705F506
:10396000004530073FF53BAF41E705F580353007AF
:103970003FF535AF3BE745F010050AE045F020057F
:1039800007E045F0400504E045F0800501E045F41E
:1039900080752068816921F07001816120680421AF
:1039A00041602DB1606A284360622046FFF750FEF7
:1039B00001B0BDE8F08F0000B0B5C8B1044690F882
:1039C000200010B9204600F077F82068016841F027
:1039D0000101016000F0E4FB054600BF206841687A
:1039E000C90707D100F0DCFB401B0B28F6D312E01F
:1039F0000120B0BD016821F00201016000F0D0FBA0
:103A0000054600BF2068416889070DD500F0C8FB56
:103A1000401B0B28F6D3606A052140F40030606239
:103A2000012084F82010B0BD217E0268012922F017
:103A3000800308BF42F080030360617E02680129B1
:103A400022F0400308BF42F040030360A17E0268F9
:103A5000012922F0200308BF42F020030360E17E29
:103A60000268012942F0100308BF22F0100303602E
:103A7000217F0268012922F0080308BF42F00803F1
:103A80000360617F0268012922F0040308BF42F04D
:103A900004030360D4E901C2D4E9033561691A4320
:103AA0002A431143ACF101021143C16100200121FD
:103AB000606284F82010B0BD80B586B00022059207
:103AC000CDE9032246F200410068C4F200018842B9
:103AD0000292019201D006B080BD43F63000009200
:103AE000C4F20200036943F000730361036903F049
:103AF00000730093009B0092036843F0010303608E
:103B0000006800F00100009000984FF4C050019050
:103B10000220CDE90202032004900920059001F55E
:103B2000CE3001A900F062FA15200521002200F034
:103B300053FF152000F04CFF06B080BD7047000019
:103B40007047000070470000B0B58CB0016846F2C5
:103B50000042C4F20002914201D00CB0B0BD02AAF2
:103B60000AAB0121FFF776FD0298A0F2012102299C
:103B7000F3D80138C1B2490040F6041551FA80F17A
:103B8000C2F2000505EBC1046169E071481C3229ED
:103B900060610AA9204602D807F0AEFE01E007F0F6
:103BA0007FFE40F63870C2F2000000680DF1270178
:103BB00000220AF087F8012807D19DF8270000EBC2
:103BC000400005EBC00008F027FE40F2D810C2F21A
:103BD0000000006801AA2146002309F0EBFE0198CD
:103BE0000028BAD04EF60450CEF200004FF08051BB
:103BF0000160BFF34F8FBFF36F8F0CB0B0BD0000FB
:103C000070470000B0B5044690F8200001281DD18F
:103C1000022084F820002068016821F00101016081
:103C200000F0BEFA054600BF20684068C00713D008
:103C300000F0B6FA401B0B28F6D3606A40F400305F
:103C40006062052084F820000120B0BD606A40F465
:103C5000002060620120B0BD00206062B0BD0000A5
:103C60007047000070470000704700007047000078
:103C700070470000704700007047000070B5866D07
:103C8000044600F08DFA94F83510022925D1054636
:103C90002068216C026822F016020260426922F05C
:103CA0008002426109B9A16C19B1016821F00801D3
:103CB0000160016821F00101016000BF2068006817
:103CC000C0070ED000F06CFA401B0628F6D3202067
:103CD0006065032084F835000CE0802060650120D9
:103CE00008E0E06D3F2101FA00F0B060012084F8A7
:103CF00035000020002184F8341070BD90F8351094
:103D0000022909D1052180F835100068016821F0E9
:103D1000010101600020704780214165012070474A
:103D2000406D704790F8350070470000F0B581B0E5
:103D300004460020009040F20400C2F20000026835
:103D4000D4E9166048F2B51337680821C1F64E333E
:103D500081403942A2FB03250CD0226813685B071F
:103D600008D5136823F004031360B160616D41F05E
:103D70000101616501218140394208D02268526900
:103D8000120604D5B160616D41F002016165042144
:103D90008140394208D022681268920704D5B16088
:103DA000616D41F00401616510218140394215D0F7
:103DB00020680268120711D5B160026801685203D9
:103DC00006D4C90506D4016821F00801016001E0AC
:103DD000080342D4216C09B120468847E16D2020B8
:103DE00000FA01F23A4244D020680368DB0640D56D
:103DF000B26094F835300268052B1ED122F016020D
:103E00000260426922F080024261226C0AB9A26C0F
:103E10001AB1026822F0080202603F208840B060B8
:103E2000012084F83500216D0020002984F8340039
:103E300040D02046884701B0F0BD0168520310D43D
:103E4000C90512D4016821F010010160012084F835
:103E50003500002084F8340007E0A16C0029BBD1B4
:103E6000BCE7080301D4616C00E0E16B09B12046B6
:103E70008847606DF0B1606DC00717D0052084F8E9
:103E800035002068A90A026822F00102026000BF22
:103E9000009A01328A42009202D80268D207F7D112
:103EA000012084F83500002084F83400E16C09B169
:103EB0002046884701B0F0BD2DE9F041044600F0EE
:103EC0006FF9C4B10546022084F83500002021684E
:103ED00084F83400086820F0010008602668306823
:103EE000C0070BD000F05CF9401B0528F6D9032170
:103EF0002022032042E00120BDE8F081306848F232
:103F00003F01CFF21001251D00EA010C2ECDD4E9AE
:103F1000050E41EA0C01114319432943D4E90778FE
:103F2000084340EA0E01606A3943042841EA080167
:103F300003D1D4E90B23114319433160716904287B
:103F400021F0070141EA00050CD1D4E90A1045EA45
:103F5000010538B12046FEF793FF18B10121402238
:103F600001200BE020467561FEF76CFFE16D3F22FA
:103F700002FA01F18160002201210020626584F8CB
:103F80003510BDE8F0810000B0B5044690F834006B
:103F9000012828D0012084F83400A56D94F835005C
:103FA00001281DD1022084F83500002060652046DC
:103FB000FEF78EFFE26D3F23206803FA02F2216CC8
:103FC000AA60026842F01602026019B1016841F06D
:103FD00008010160016841F0010101600020B0BDED
:103FE000002084F834000220B0BD00002DE9F04F1D
:103FF00083B000F13E4202F1FF724FEAB22241F675
:1040000000470192C4F2020708224FF0010E00257A
:104010004FF0000A4FF00008B84208BF0722009294
:104020000AE000BF08F101080AF1040AB8F1100F14
:1040300005F1020500F0A4800C680EFA08FB14EAF2
:104040000B09EFD04C6804F0030CACF1010EBEF18B
:10405000010F11D80322876802FA05F6CA68B74330
:10406000AA403A4382604268C4F3001722EA0B0276
:1040700007FA08F73A434260BCF1030F1CD0C2684C
:1040800003238E6803FA05F7BA4306FA05F73A43A5
:10409000BCF1020FC2600FD16FF0030202EA5802B6
:1040A00002440AF01C060F23176A03FA06F40B6990
:1040B000A743B3403B431362026803234F68AB40FE
:1040C0009A4307F00303AB401A4317F4403F4FF005
:1040D000010E0260A6D0002243F644030292C4F20D
:1040E00002031A6843F6004442F480421A601A68D8
:1040F000C4F2010402F480420292029A28F0030200
:104100004FF6084B2244CFF6FF7B52F80B300AF0F3
:104110000C070F26BE4023EA060C019B009E072BCE
:1041200038BF1E4606FA07F747EA0C0342F80B3081
:10413000A2684B6842EA090743F60C4CDE0258BFFE
:1041400022EA0907A760C4F2010CDCF800209E02F5
:1041500042EA090758BF22EA0907CCF800706268F2
:104160009E0342EA090758BF22EA090767602268EE
:10417000DB0342EA090358BF22EA0903236051E73F
:1041800003B0BDE8F08F00000069084018BF0120AF
:1041900070470000002A08BF0904816170470000D1
:1041A00046F6B070C2F200000068704770B5B0B358
:1041B000044690F83D0028B9002084F83C002046D1
:1041C00000F028FB242084F83D002068016821F0DD
:1041D00001010160016841F400410160016821F4BE
:1041E0000041016000F0E2FC48F28041C0F21E0193
:1041F00040F60012666888424FF00001C0F23D02AE
:1042000048F2A16C4FF0000338BF01219042C0F288
:10421000010C38BF0123664538BF0B460BB10120A6
:1042200070BD4DF68361C4F21B31A0FB0112216801
:10423000930C4D68664525F03F0545EA92424A6079
:104240000A6A22F03F0C09D34FF496725A4344F69F
:10425000D353C1F26203A2FB03239B095A1C42EA17
:104260000C020A6248F2A063CA69C0F201039E42CE
:104270004CF6FF7322EA030C0AD801387200B0FB37
:10428000F2F001306FF31F30042898BF04202BE0B8
:10429000A368A0F1010E9BB119207043BEFBF0F0A2
:1042A0000422013062F31F30000512D09BB11920A7
:1042B0007043BEFBF0F00422013062F31F3011E0C6
:1042C00006EB4600BEFBF0F001306FF31F30000537
:1042D000ECD1012008E006EB4600BEFBF0F0013017
:1042E0006FF31F3040F4004040EA0C00C8610868DA
:1042F000D4E9072320F0C000104318430860886801
:1043000048F2FF3204F10C0690434CCE18431043A0
:10431000A5698860C86820F0FF0030432843C86062
:10432000086840F00100086000202021206484F823
:104330003D10206384F83E0070BD00002DE9F04F71
:1043400083B01E4691460F460446FFF729FF94F8B6
:104350003D1020290CD102210546C0F21001204653
:1043600001221923009502F095FA30B1022700E0EE
:104370000227384603B0BDE8F08F94F83C000128CE
:1043800001D10227F5E70121206884F83C1001687B
:10439000C90703D1016841F00101016001684FF0D4
:1043A000000A21F400610160242084F83D0000200F
:1043B000CFF6FF7007F0FE0B4FF0A0080127C4F8FE
:1043C00040A0E062206800220168334641F4807119
:1043D000016020464FF00111009502F05BFA216860
:1043E000002850D1C1F810B0FFF7DAFE2268054668
:1043F0005169526994F83D30A02B1ED002F48060C0
:1044000001F00201401818D1FFF7CAFE36B1401B77
:10441000B04288BF84F83D8002E000BF84F83D8050
:1044200021684869496994F83D20A02A05D001F423
:10443000806100F002004018E6D0202084F83D00A2
:10444000206841690268890742F40072026022D440
:104450006FF48061416102212046C0F21001012207
:104460001923009502F016FA00287FF482AF0AF1B2
:10447000010ACA45A6D3202084F83D000020012768
:1044800084F83C0075E708680327C00544BF4FF473
:10449000007020646DE700260296416901220291B6
:1044A00080690221029002982046C0F2100119236F
:1044B0000095012702F0EEF900287FF45AAF202082
:1044C00084F83D0084F83C60002752E72DE9F04372
:1044D00083B01F4616460D460446FFF761FE94F86A
:1044E0003D1020290FD102218146C0F21001204643
:1044F00001221923CDF8009002F0CCF918B994F8F4
:104500003C00012803D1022003B0BDE8F083012163
:10451000226884F83C101368DDE90B080A99DB0770
:1045200003D1136843F001031360136823F400639D
:104530001360222284F83D20402284F83E2000228D
:10454000226461626085608D294620850020CFF657
:10455000FF70E062204632463B46CDF80080CDF841
:10456000049002F07BF818B1012003B0BDE8F0839D
:10457000208D022806D0012810D000BB0020029018
:10458000206812E02068016821F480610160016800
:1045900041F4006101600021029113E0206801688C
:1045A00021F48061016000210291416902918169D9
:1045B00002910299016841F40071016007E0002056
:1045C0000290206841690291806902900298258DCD
:1045D000002D7DD00427C0F201070DE009690170AC
:1045E000606A218D01306062481E2085608D01382F
:1045F0006085258D002D6BD02046032D0CD8012D14
:1046000029D141464A4602F0E9F90028ACD1206898
:10461000616A00690870E3E741464A4602F0DEF944
:104620000028A1D12068616A00690870606A228D43
:104630000130013A606222852168638D013B638508
:104640004B695B07D5D592B2032AC7D10A6822F419
:1046500080620A60C2E7394600224346CDF80090E6
:1046600002F018F9022D1BD000287FF47DAF2068DE
:10467000616A0268434622F4806202600069002297
:104680000870606A218D01306062481E2085608D4F
:104690003946013860852046CDF8009002F0FAF8DE
:1046A00000287FF461AF2068616A026842F40072FA
:1046B000026000690870606A411C6162218D226895
:1046C00001392185618D013961851169417087E763
:1046D000202084F83D00002084F83E0084F83C004F
:1046E00003B0BDE8F08300002DE9F04383B09946A4
:1046F00016460F460446FFF753FD94F83D10202957
:104700000ED102210546C0F21001204601221923D4
:10471000009502F0BFF818B994F83C00012803D1C5
:10472000022003B0BDE8F0830121226884F83C1028
:104730001368DDE90B080A99DB0703D1136843F01E
:1047400001031360136823F400631360212284F8CB
:104750003D20402284F83E20002222646162608570
:10476000608D394620850020CFF6FF70E06220463C
:1047700032464B46CDF80080019501F0F5FF30B38D
:10478000012003B0BDE8F083204641462A4602F0EE
:1047900061F928BB606A2168034613F8012B0A619E
:1047A000228D6362571E2785638D3F04A3F10103A9
:1047B00063854B6918BF13F0040308D043780230B7
:1047C0000B616062901E2085608D01386085208DB0
:1047D0000028D9D1204641462A4602F025F840B1AA
:1047E000206C0428CCD12068016841F4007101607C
:1047F000C6E72068016841F400710160202084F858
:104800003D00002084F83E0084F83C0003B0BDE881
:10481000F0830000B0B586B000240594CDE90344D0
:1048200045F600010068C4F2000188420294019438
:1048300001D006B0B0BD43F630050094C4F20205C5
:10484000286840F002002860286800F0020000900C
:1048500000984FF4406001901220CDE9020403203B
:1048600004900420059001F5D63001A9FFF7BEFBA6
:104870000094286940F480002861286900F48000D1
:104880000090009806B0B0BD40F2500046F6B071FE
:10489000C2F20000C2F2000100780A681044086009
:1048A0007047000080B543F60040C4F20200016882
:1048B00041F400710160016841F4806101600168A8
:1048C00041F480710160032000F096F80F2000F0A1
:1048D00005F800F059F8002080BD000070B586B0E2
:1048E000002543F640010195C4F202010A6804461E
:1048F00042F001020A60096801A801F0010101917A
:104900000199694600F02CF9049E002E18BF01267B
:1049100000F04CF94DF68361B040C4F21B31A0FBAE
:1049200001014FF0FF3000EB914140F62400C2F24C
:1049300000004FF0804240F2E733C0E90021C0E9B7
:1049400002530561856100F079FF0546C0B940F664
:104950002400C2F2000000F0C3FF054680B91C200D
:1049600000F036F80F2C0AD81C202146002200F057
:1049700033F840F25400C2F20000046000E0012568
:10498000284606B070BD000080B582B0002043F616
:1049900040010190C4F202014A6842F480424A6038
:1049A0004A6802F480420192019A0090086800224D
:1049B00040F08050086008680F2100F0805000909F
:1049C00000986FF0010000F007F802B080BD000011
:1049D00080B506F025FD80BD70B514460D4606462F
:1049E00006F02EFD2946224602F06EF801463046BA
:1049F00006F02EFD70BD000080B506F043FD80BDC1
:104A00002DE9F041002800F08B8043F60808C4F23D
:104A100002080446D8F8F8030D4600F00700884263
:104A200007D288F8F853D8F8F80300F00700A84236
:104A300076D12068810717D5410705D5D8F8001031
:104A400041F4E051C8F80010010705D5D8F800106E
:104A500041F46041C8F80010D8F80010A26821F0B5
:104A6000F0011143C8F80010C0073FD1D8F8F8038F
:104A700000F00700A84207D988F8F853D8F8F803DF
:104A800000F00700A8424BD12068410707D5D8F8AD
:104A90000010E26821F4E0511143C8F8001000074B
:104AA00008D5D8F80000216920F4604040EAC10030
:104AB000C8F8000000F09EF8D8F800104FF63872E1
:104AC000C1F30311C0F60002515C40F2040220FA67
:104AD00001F140F25400C2F200000068C2F200028C
:104AE0001160FFF7FBFE0020BDE8F0816068811EC9
:104AF000022907D258F8081C89015CBF0120BDE8D3
:104B0000F08110E0012807D158F8081C89035CBF28
:104B10000120BDE8F08106E058F8081C890702D49E
:104B20000120BDE8F081D8F8001021F0030108430E
:104B3000C8F80000FFF734FB064641F2883700BF93
:104B4000D8F80000616800F00C00B0EB810F8DD048
:104B5000FFF726FB801BB842F2D90320BDE8F081A5
:104B60000F22026043F60802C4F20202136803F047
:104B700003034360136803F0F0038360136803F4D6
:104B8000E053C360D2F800C04FF4E05303EADC0303
:104B90000361D2F8F80300F00700086070470000D6
:104BA00040F20400C2F200000068704780B5FFF7D1
:104BB000F7FF43F60801C4F2020109684FF6487294
:104BC000C1F38221C0F60002515CC84080BD0000E4
:104BD00080B5FFF7E5FF43F60801C4F2020109685A
:104BE0004FF64872C1F34231C0F60002515CC84032
:104BF00080BD000010B543F60404C4F202046068EE
:104C000000F00C0142F200400829C0F2F40007D085
:104C1000042918BF10BD41F20020C0F27A0010BD77
:104C2000216801F03F02216823684902C3F388111B
:104C300005D4A1FB00010023FBF770FB06E041F265
:104C40000020C0F27A004843B0FBF2F02168022253
:104C5000C1F3014102EB4101B0FBF1F010BD0000D6
:104C60002DE9F04182B0002800F09F8004460078D2
:104C700043F60006C007C4F2020641D0B06800F057
:104C80000C00042805D13068800339D56068B8BBB2
:104C90008BE0B06800F00C00082802D17068400278
:104CA000F1D46568B5F5803F06D03068B5F5A02F22
:104CB00006D140F480203060306840F4803005E058
:104CC00020F480303060306820F480203060FFF7BE
:104CD00067FA002D054610D03068800310D4FFF726
:104CE0005FFA401B6428F7D922E100BFFFF758FAAA
:104CF000401B64284FF0030054D830688003F5D47B
:104D0000207880071AD5B06810F00C0F09D0B06871
:104D100000F00C00082840F08C807068400200F120
:104D200088803068800702D5E06801283DD130686E
:104D3000216920F0F80040EAC100306020780007C7
:104D400037D4207840074AD4A56955B3B06800F03D
:104D50000C00082840F0A080012D26D07068E16981
:104D600000F480028A4220D1216A00F03F028A4288
:104D70001BD147F6C071626A0140B1EB821F14D1AA
:104D8000A16A4FF6FF73C903994300F44032A1F5BD
:104D900080318A4209D1E16A00F07060B0EB016FA6
:104DA00003D1002002B0BDE8F081012002B0BDE8CF
:104DB000F0816069002840F20000C4F247205AD018
:104DC0000121C0F8801EFFF7EBF90546706F8007E0
:104DD000B7D4FFF7E5F9401B0228F7D9A8E0306CFB
:104DE0004FF00008C0000CD4CDF80480306C4FF0B8
:104DF000010840F080503064306C00F08050019029
:104E0000019847F20007C4F200073868C00525D4AE
:104E1000386840F480703860FFF7C2F9054600BF7B
:104E20003868C0051AD4FFF7BBF9401B0228F7D930
:104E30007EE0E068002851D00020C4F24720012124
:104E40000160FFF7ADF90546306880073FF56FAFA9
:104E5000FFF7A6F9401B0228F6D969E0A568012DE5
:104E600005D0306F052D4DD140F004003067306F14
:104E700040F001004CE00021C0F8801EFFF790F9DF
:104E8000054600BF706F80077FF55BAFFFF788F9BD
:104E9000401B0228F6D94BE00027C4F24727002028
:104EA0003866FFF77DF9022D05460BD13068800189
:104EB00056D5FFF775F9401B02284FF00300F5D9CE
:104EC00070E700BF306880017FF56BAFFFF768F9CE
:104ED000401B02284FF00300F4D963E70020C4F21E
:104EE000472000210160FFF75BF905463068800725
:104EF0007FF524AFFFF754F9401B02284FF0030061
:104F0000F4D94FE720F001003067306F20F0040043
:104F10003067FFF745F9002D054641F2883713D079
:104F2000306F800713D4FFF73BF9401BB842F7D925
:104F3000032002B0BDE8F081FFF732F9401BB84210
:104F40004FF003003FF62EAF306F8007F4D4B8F176
:104F5000000F3FF4F9AE306C20F080503064F3E67F
:104F600004F11C052FCD084340EA8210D9034FF607
:104F7000FF729143A1F5803140EA056008437060FB
:104F800001203866FFF70CF9044600BF3068800145
:104F90003FF507AFFFF704F9001B02284FF00300AD
:104FA000F4D9FFE67047000090F851007047000008
:104FB00070B538B10446406A30B10020206104F178
:104FC000140007E0012070BD6068B0F5827F03D057
:104FD00004F11C00002101600026A66294F8510033
:104FE00020B9204684F8506000F03CF8022084F894
:104FF000510094E80F0001F48271056802F4044244
:1050000025F040050560114403F400622369114452
:1050100003F002026369114403F00102A369E56928
:10502000114403F40072114405F03802256A11445A
:1050300005F08002A56A114305F400521143016096
:10504000626A042101EA134102F010021144416036
:10505000C16921F40061C1610120666584F85100D5
:10506000304670BD2DE9F04F87B000270025CDE90F
:105070000577CDE903770446C4F202050068A5F57B
:1050800050418842029702D007B0BDE8F08F43F646
:1050900030000197C4F2020041690DF1080A41F4A1
:1050A000805141614169022601F4805101910199C9
:1050B000019701684FF0030B41F0010101600068A6
:1050C0004FF0050800F0010001900198A020029027
:1050D00028465146CDE90367CDF814B0CDF81880C5
:1050E000FEF784FF4FF04009CDE90296CDE9046B4D
:1050F000CDF8188046F2104828465146C4F20208FE
:10510000FEF774FF40F21065C2F200054FF0C06B6D
:105110004FF4806A4FF400362846C5E9008BC5E994
:105120000277C5E904A7C5E90677C5E90867FEF770
:10513000C3FE002818BFFDF7E5FEE564AC6340F24E
:10514000706508F14800C2F200050021C5E9000BB6
:105150002846C5E90291C5E904A1C5E90611C5E9DA
:105160000861FEF7A9FE002818BFFDF7CBFEA56475
:10517000AC6307B0BDE8F08F10B5044690F851005D
:1051800001280ED11346A2686AB96068B0F5827F23
:1051900009D1042084F8510020460A4600F05CF949
:1051A00010BD02200CE094F85000012804BF02203A
:1051B00010BD0120002984F8500018BF002B03D136
:1051C000002184F8501010BD04204FF0000CB2F5FF
:1051D000004F84F85100C4F854C0A163A387E3874B
:1051E000C4E910CCA4F834C0A4F836C008D12068B3
:1051F000016821F040010160016821F480410160F3
:10520000E06C46F6893E46F6AD33C0F6000EC0F6B9
:1052100000032168A26BC0E90F3E46F66533C0F675
:105220000003C0E9133CE38F0C31FEF7ADFE28B15B
:10523000606D40F0100060650120C1E720680168E2
:10524000490603D4016841F040010160416841F022
:1052500020014160416841F0010141600020AFE759
:1052600070470000704700002DE9F04381B004460C
:1052700090F85000012803D1022001B0BDE8F0836E
:1052800001201E4615460F4684F85000FEF788FFA1
:1052900094F85110814601290CD06068B0F5827FE6
:1052A00075D104294FF0020040F0B280A1680029B6
:1052B00040F0AE80002F4FF0010018BF002D00F02D
:1052C000A780002E00F0A48094F85100002104284B
:1052D0001CBF052084F851006165A563E687A68799
:1052E0002763E6862068A686216461640168490612
:1052F00003D4016841F0400101606168731EE268F7
:10530000B1FA81F1B3FA83F3DDF8208049095B0932
:10531000B2F5006F41EA03013BD139B1216B098835
:10532000C160B81C2063E08E0138E086012608F1D8
:10533000010500BFE08E10B9E08F00286ED0206814
:10534000816889070CD5E18E012E09D141B1216B0D
:10535000002631F8022BC2602163E18E0139E1861B
:105360008168C9070AD0E18F41B1C068A16B0126ED
:1053700021F8020BA163E08F0138E087FEF710FFF0
:10538000002DD7D0A0EB09004045D3D33CE002204C
:105390003EE039B139780173206B01302063E08E33
:1053A0000138E086012608F1010500BFE08E08B94A
:1053B000E08F98B32068816889070DD5E18E012EB2
:1053C0000AD149B1216B002609780173206B0130A5
:1053D0002063E08E0138E08620688168C9070BD021
:1053E000E18F49B1C068A16B01260870A06B013044
:1053F000A063E08F0138E087FEF7D2FE002DD5D004
:10540000A0EB09004045D1D3012084F851000320CE
:10541000002184F8501001B0BDE8F08320464146D9
:105420004A4601F0A5FC18B1202060650120EFE795
:10543000A06838B9002000902068C1680091806899
:1054400000900098606D00284FF0010004BF84F8C0
:1054500051000020DCE7000070B5044690F85000D1
:10546000012804BF022070BD012084F8500094F888
:10547000510001280AD06568B5F5827F5CD1042807
:105480004FF0020059D1A568002D56D100294FF0E8
:10549000010018BF002A50D0002B4ED094F85100C4
:1054A000002604281CBF052084F85100666521638E
:1054B000A386E386A263A387E387C4E9106694F812
:1054C000511046F6893C46F6A133C0F6000CC0F6F2
:1054D0000003042946F685412568E06C08BF634651
:1054E00046F6AD3CC0F60001C0F6000C08BF6146B0
:1054F000C0E90F1346F66531C0F60001C0E9131686
:10550000E38F05F10C01FEF73FFD78B92268216BAE
:10551000A06C536843F001035360C0E90F66C0E913
:105520001366E38E0C32FEF72FFD50B1606D40F034
:1055300010006065012000E00220002184F8501076
:1055400070BD20680168490603D4016841F040013C
:105550000160416841F020014160416841F0020171
:1055600041600020E9E7000010B5044690F85000C3
:10557000012804BF022010BD012084F8500094F8D7
:10558000510001283FD100294FF0010018BF002A27
:105590003AD00320002384F8510063652163A2867A
:1055A000E286A363C4E91033A387E387A068B0F55C
:1055B000004F08D12068016821F0400101600168B6
:1055C00041F480410160A06C46F6953C46F61542D8
:1055D000C0F6000CC0F60002D4F800E0216BC0E970
:1055E0000F2C46F66532C0F60002C0E91323E38EA5
:1055F0000EF10C02FEF7C8FC50B1606D40F01000D7
:105600006065012000E00220002184F8501010BDE8
:1056100020680168490603D4016841F04001016037
:10562000416841F020014160416841F00201416060
:105630000020E9E770470000704700007047000055
:10564000704700007047000070470000B0B590F848
:105650003C20012A04BF0220B0BD01F108053CCD69
:10566000D1E900CE23F47C5322F470521A432EF475
:10567000F0431A432CF4E0431A4324F4C0431A4382
:105680002A43C96922F48042036811435964002106
:1056900080F83C100846B0BD10B590F83C20012AB7
:1056A0004FF0020252D0012380F83C3080F83D20B8
:1056B0000268D2F804E0D2F808C00C682EF070033B
:1056C000234341F2FF74C4F20004A24253600DDC94
:1056D00040F2FF73C4F200039A4215DCB2F1804F2E
:1056E00029D040F20043C4F2000322E040F2FF332D
:1056F000C4F201039A4212DC41F60003C4F2000333
:105700009A4218D0002312E040F60003C4F20003CE
:105710009A4210D040F60043C4F2000309E044F27C
:105720000003C4F201039A4205D040F20043C4F2E0
:1057300001039A4204D149682CF080031943916017
:105740000121002280F83D1080F83C20104610BD59
:1057500010B5044641B1082909D0042914BF04F149
:10576000450004F1430004E004F1420001E004F1CB
:105770004400007801281CBF012010BD022041B167
:10578000082909D0042914BF84F8450084F843008F
:1057900004E084F8420001E084F844002068042218
:1057A00001F090FC206841F2FF72416CC4F20002EB
:1057B00041F40041904241640DDC40F2FF71C4F2BB
:1057C0000001884215DCB0F1804F29D040F2004141
:1057D000C4F2000122E040F2FF31C4F2010188422C
:1057E00012DC41F60001C4F20001884218D0002109
:1057F00012E040F60001C4F20001884210D040F6E9
:105800000041C4F2000109E044F20001C4F20101C8
:10581000884205D040F20041C4F20101884206D11D
:10582000816801F00701062904BF002010BD01684E
:1058300041F001010160002010BD0000002804BFFC
:105840000120704710B5044690F83D0028B90020AB
:1058500084F83C00204600F01FF8022084F83D0048
:105860002068211D01F082FB012084F8460084F8A5
:105870003E0084F83F0084F8400084F8410084F83A
:10588000420084F8430084F8440084F8450084F81A
:105890003D00002010BD000080B582B000680021EE
:1058A000C4F20101884201D002B080BD0020019005
:1058B00043F64400C4F202000168002241F00101F5
:1058C000016000680A2100F0010001900198192090
:1058D000FFF782F81920FFF77BF802B080BD0000C7
:1058E00090F83D1001291CBF01207047022180F86B
:1058F0003D10006841F2FF72C168C4F2000290429C
:1059000041F00101C1600DDC40F2FF71C4F2000101
:10591000884215DCB0F1804F29D040F20041C4F23A
:10592000000122E040F2FF31C4F20101884212DCA2
:1059300041F60001C4F20001884218D0002112E0B3
:1059400040F60001C4F20001884210D040F6004148
:10595000C4F2000109E044F20001C4F201018842EE
:1059600005D040F20041C4F20101884206D18168AD
:1059700001F00701062904BF00207047016841F0CB
:10598000010101600020704710B5044690F83C000A
:1059900001284FF0020008BF10BD012284F83C200E
:1059A00084F83D0020684FF6777382689A438260DE
:1059B0000A684F2A0FDC1F2A22DD202A23D0302A32
:1059C00021D0402A4DD14B68CA68194601F066FCC7
:1059D000206840213BE06F2A17DDB2F5005F20D040
:1059E000B2F5805F2AD0702A3BD1D1E9012CCB6877
:1059F000614601F079FB2068816841F077011AE087
:105A00000AB1102A2DD1114621E0502A18D0602A5F
:105A100027D14B68CA68194601F0A6FC20686021AE
:105A200015E0D1E9012CCB68614601F05DFB2068EF
:105A3000816841F48041816000200BE0002009E092
:105A40004B68CA68194601F029FC2068502101F012
:105A500057FB0020012184F83D10002184F83C1000
:105A600010BD0120F6E7000080B582B0016840F269
:105A70000042C4F20002914201D002B080BD007F1A
:105A80000828FAD140F66C00C2F20000006840F22B
:105A9000DC32416AC2F2000211800021416240F210
:105AA000F040C2F20000006811880DF1040C0322DE
:105AB0000023CDF800C008F0F3FA01980028DCD0EC
:105AC0004EF60450CEF200004FF080510160BFF35B
:105AD0004F8FBFF36F8F02B080BD0000B0B504469A
:105AE00090F83C00012804BF0220B0BD0D464FEAEB
:105AF000B2010120032984F83C0037D8DFE801F027
:105B0000020C16242068D5E90012EB6801F0D8FBDE
:105B1000206850F8181F12E02068D5E90012EB68E1
:105B200001F034FC206850F8181F16E02068D5E911
:105B30000012EB6801F048FC206850F81C1F21F0AF
:105B40000C010160A9680DE02068D5E90012EB683E
:105B500001F054FC206850F81C1F21F440610160E2
:105B6000A96809020268114301600020002184F83D
:105B70003C10B0BD002804BF0120704710B504469A
:105B800090F83D0028B9002084F83C00204600F041
:105B90001FF8022084F83D002068211D01F0E6F97D
:105BA000012084F8460084F83E0084F83F0084F821
:105BB000400084F8410084F8420084F8430084F8EF
:105BC000440084F8450084F83D00002010BD00002A
:105BD00080B586B000220592CDE9032240F2004153
:105BE0000068C4F2000188420292019201D006B01E
:105BF00080BD43F630000092C4F20200036943F016
:105C000002030361036903F002030093009B009207
:105C1000036843F002030360006800F00200009094
:105C200000980220CDE90100CDE90322059001F59D
:105C3000003001A9FEF7DAF91D2005210022FEF748
:105C4000CBFE1D20FEF7C4FE06B080BDB0B50446F5
:105C500041B1082909D0042914BF04F1410004F11D
:105C60003F0004E004F13E0001E004F14000007850
:105C700041B1082909D0042914BF04F1450204F1F7
:105C8000430204E004F1420201E004F1440201286D
:105C90004FF00105127808BF012A01D02846B0BD97
:105CA000022041B1082909D0042914BF84F8410019
:105CB00084F83F0004E084F83E0001E084F84000EE
:105CC000022041B1082909D0042914BF84F84500F5
:105CD00084F8430004E084F8420001E084F84400C2
:105CE0004FEAB10003280AD823682BA252F82000FB
:105CF000DA6800251043D860002DCFD102E00125DD
:105D0000002DCBD12068012201F0CAF9206841F2B0
:105D1000FF71C4F2000188420DDC40F2FF71C4F251
:105D20000001884215DCB0F1804F29D040F20041DB
:105D3000C4F2000122E040F2FF31C4F201018842C6
:105D400012DC41F60001C4F20001884218D00021A3
:105D500012E040F60001C4F20001884210D040F683
:105D60000041C4F2000109E044F20001C4F2010163
:105D7000884205D040F20041C4F20101884205D1B9
:105D8000816801F0070106293FF488AF016841F0FE
:105D9000010101602846B0BD0200000004000000BF
:105DA0000800000010000000B0B504460068C1689B
:105DB000026902EA0105A9071DD4680731D4280742
:105DC00047D4E8065CD4E80773D128067BD468067C
:105DD00006D520686FF040010161204600F0A4F96B
:105DE000A80658BFB0BD20686FF0200101612046B1
:105DF000FFF72AFCB0BD6FF002010161012121779C
:105E00008069800703D02046FFF72EFE05E020467C
:105E100000F090F8204600F00BF90020207768078A
:105E2000CDD520686FF004010161022121778069DE
:105E300010F4407F03D02046FFF716FE05E0204611
:105E400000F078F8204600F0F3F8002020772807CB
:105E5000B7D520686FF00801016104212177C0697E
:105E6000800703D02046FFF7FFFD05E0204600F045
:105E700061F8204600F0DCF800202077E806A2D583
:105E800020686FF01001016108212177C06910F4CA
:105E9000407F03D02046FFF7E7FD05E0204600F0F5
:105EA00049F8204600F0C4F800202077E8073FF4C6
:105EB0008CAF20686FF001010161204600F0BAF854
:105EC00028067FF584AF20686FF0800101612046CD
:105ED000FFF7B8FB68067FF583AF7AE780B586B039
:105EE00000220592CDE9032200210068C4F20101DD
:105EF00088420292019201D006B080BD43F6300084
:105F00000092C4F20200036843F0020303600068D9
:105F1000022300F002000090009801200190CDE9DA
:105F20000232CDE9042001F5823001A9FEF75EF8C6
:105F300006B080BD70470000B0B5044690F83C0044
:105F4000012804BF0220B0BD0D464FEAB201012076
:105F5000032984F83C0037D8DFE801F0020A122256
:105F60002068294601F0D4F8206850F8181F0EE088
:105F70002068294601F0FEF8206850F8181F16E046
:105F80002068294601F02CF9206850F81C1F41F0C8
:105F900008010160016821F00401016029690FE036
:105FA0002068294601F052F9206850F81C1F41F47E
:105FB00000610160016821F48061016029690902C2
:105FC0000268114301600020002184F83C10B0BD3C
:105FD000002804BF0120704710B5044690F83D002A
:105FE00028B9002084F83C00204600F01FF8022069
:105FF00084F83D002068211D00F0B8FF012084F8DE
:10600000460084F83E0084F83F0084F8400084F89D
:10601000410084F8420084F8430084F8440084F886
:10602000450084F83D00002010BD000070470000CE
:106030007047000070B582B004460068B0F1804F30
:1060400008BFFEF721FC20680021C4F2010188424C
:1060500001D002B070BD40F2CC15C2F20005286834
:106060004EF60454411C40F2EC40C2F200000068BD
:1060700040F24D06CEF20004C2F20006296088B15B
:106080003278B1FBF2F303FB121159B901A907F001
:10609000F9FC019830B14FF080502060BFF34F8F72
:1060A000BFF36F8F40F2E840C2F20000006890B189
:1060B00029683278B1FBF2F303FB121159B901A937
:1060C00007F0E0FC019830B14FF080502060BFF342
:1060D0004F8FBFF36F8F40F60010C2F200000068D0
:1060E00058B101A907F0CEFC019830B14FF08050B3
:1060F0002060BFF34F8FBFF36F8F40F2F440C2F2C6
:10610000000000680028A4D001A907F0BBFC01989A
:1061100000289ED04FF080502060BFF34F8FBFF318
:106120006F8F02B070BD0000704700007047000024
:1061300010B50446206850E8030F216820F49070E1
:1061400041E80302002AF5D1206850E8050F2168D4
:1061500020F0010041E80502002AF5D1206B01285A
:106160000AD100BF206850E8030F216820F010001A
:1061700041E80302002AF5D120684069400619D59C
:10618000206850E8050F216820F0400041E8050232
:10619000002AF5D1E06B68B100210165FDF76EFDC5
:1061A00040B1E06BFDF7BCFD202803D110206064F6
:1061B000032010BD00202021E08584F842102063D8
:1061C00010BD00007047000070B582B0036804463F
:1061D0001868D9685D6900F02F02202A01F02002BA
:1061E00005D122B1204601F0E9F902B070BD5FEAA5
:1061F000007C08D005F0010E11F4907F8EF00105AF
:106200004FD1002D4DD0226B0840C1063FD5012A49
:106210003DD10020019018680190586801900198C4
:106220005869400600F19C80A08DE18DE28D002A26
:106230001CBF401A5FEA004102D102B070BD00BF2E
:10624000216851E8031F226821F4907142E803138A
:10625000002BF5D1216851E8051F226821F00101CA
:1062600042E80513002BF5D1202184F842100021CB
:10627000216300BF216851E8031F226821F010014B
:1062800042E80313002BF5D102216163AEE0010661
:1062900000F1B2804006D0D5204601F075F902B079
:1062A00070BDC30718BF11F4807303D0636C43F053
:1062B0000103636400F00406012383EA96062E437B
:1062C00003D1666C46F00206666400F0020683EABB
:1062D00056032B4303D1636C43F00403636452EA17
:1062E0000E0218BF0122BCF1000F04D51AB1626C76
:1062F00042F008026264626C002A9ED00840800668
:1063000002D5204601F05AF920684069616C00F01E
:10631000400001F00801401878D0204601F00CF947
:106320002068406940066CD5206850E8050F216858
:1063300020F0400041E80502002AF5D1E06B00287A
:106340005FD047F23941C0F600010165FDF7D6FC88
:1063500000283FF472AFE06B016D884702B070BD5A
:10636000E06B016849688AB2002A3FF466AFA38DEA
:106370009A42BFF462AFE185C069B0F5807F30D04A
:10638000206850E8030F216820F4807041E8030280
:10639000002AF5D1206850E8050F216820F001009F
:1063A00041E80502002AF5D1206850E8050F216870
:1063B00020F0400041E80502002AF5D1202084F8B1
:1063C00042000020206300BF206850E8030F2168CE
:1063D00020F0100041E80302002AF5D1E06BFDF740
:1063E0004DFC02206063A08DE18D401A81B22046F1
:1063F000FFF79CFE02B070BD204601F0FDF902B02F
:1064000070BD2046FFF7DEFE02B070BD2046FFF7EC
:10641000D9FE0020606402B070BD0000002804BFF7
:106420000120704710B5044690F8410028B90020BB
:1064300084F84000204600F021F8242084F8410030
:106440002068C16821F40051C160204601F01AF9AA
:106450002068016921F490410161416921F02A011C
:106460004161C16841F40051C16000202021606495
:1064700084F8411084F84210606310BD70B586B096
:10648000002604460596CDE9036641F20000216826
:10649000C4F2010081420296019601D006B070BD9F
:1064A00043F630010096C4F202014A6900F57440D7
:1064B00042F010024A614A6902F010020092009A0A
:1064C00000960A6842F002020A60096801F00201BF
:1064D00000910099C02101910221CDE9021603210A
:1064E00004910721059101A9FDF780FD40F2D065D7
:1064F00046F24040C2F20005C4F202004FF00061D3
:106500004FF4806285E843002846C5E90362C5E987
:106510000566C5E907666E62FDF7CEFC002818BF68
:10652000FCF7F0FC252005210022E563AC63FEF7B3
:1065300053FA2520FEF74CFA06B070BD10B590F85E
:106540004230202B1CBF022010BD00294FF0010457
:1065500018BF002A01D1204610BD0024046301F0B9
:10656000FFF8204610BD0000704700007047000093
:106570002DE9F041044690F8410020281CBF02207C
:10658000BDE8F0810E4600294FF0010042D01746C9
:10659000002A08BFBDE8F0814FF0000821201D4609
:1065A000C4F8448084F84100FDF7FAFDA784E7842D
:1065B000A1680746B1F5805F0DD12069002814BF9E
:1065C0003046B046064606E016F8010B21684860E2
:1065D000E08C0138E084E08C80B1204680213A468E
:1065E0002B4601F033F9B8B9002EEDD138F8020B83
:1065F00021686FF35F2048600026E9E720464021CC
:106600003A462B4601F022F9202184F84110002857
:1066100018BF0320BDE8F081202084F8410003204A
:10662000BDE8F08170470000FEE700000268516994
:1066300049054FF000010FD56FF4806353612022AC
:10664000016380F83D2080F83E10026C42F00402A5
:10665000026480F83C100121084670472DE9F0479C
:1066600082B0044600680E460168DDF828A041F4B7
:10667000806101600168DDF82C9041F480711D4655
:106680001746016020464FF0011100225346CDF815
:10669000009000F0FFF850B120680068C00544BFCA
:1066A0004FF400702064032002B0BDE8F08740F290
:1066B00002082068C0F2010806F0FE0606612046C6
:1066C000414652464B4600F035F948BB0020019048
:1066D00020684A46416901918069514601900198BC
:1066E000204600F0B7F998B9012D08D02068390A82
:1066F0000161204651464A4600F0ACF940B9206895
:10670000F9B20161204651464A4600F0A3F958B15A
:10671000206C042804D12068016841F400710160F4
:10672000012002B0BDE8F0872068002201685346CE
:1067300041F48071016020464FF00111CDF80090C6
:1067400000F0A8F80028A7D1206846F001010161F7
:106750002046414652464B4600F0ECF8002818BF50
:10676000012002B0BDE8F0872DE9F04383B0044674
:1067700000680D4601680A9F0B9E41F4807199469E
:106780009046016020464FF0011100223B460096E2
:1067900000F080F850B120680068C00544BF4FF495
:1067A00000702064032003B0BDE8F083206805F08A
:1067B000FE0101610221C0F2010120463A46334642
:1067C00000F0B8F818B1012003B0BDE8F083002054
:1067D00002902068324641690291806939460290F0
:1067E0000298204600F036F940B1206C0428EAD126
:1067F0002068016841F400710160E4E7B9F1010F1C
:106800000AD020684FEA18210161204639463246F5
:1068100000F020F90028E8D120685FFA88F10161D2
:10682000002003B0BDE8F083F0B581B004460068F5
:10683000406940071AD415460E464F1C08E000BFB9
:1068400020684069400714D52068406940070DD48E
:106850002046FFF7EBFEC8B9002FF5D0FDF7A0FCEE
:10686000002EEDD0401BB042EED9E9E7002001B088
:10687000F0BD00202021206384F83D1084F83E0004
:10688000216C41F02001216484F83C00012001B01A
:10689000F0BD00002DE9F047DDF82080994616464E
:1068A000044601F47F078DB203F1010A11E000BF35
:1068B00020681821B7F5803F08BF142140582A46A8
:1068C00008BF2A461040801AB0FA80F04009B04252
:1068D00020D020681821B7F5803F08BF1421405808
:1068E0002A4608BF2A461040801AB0FA80F04009B4
:1068F000B0420CD1BAF1000FEBD0FDF751FCB9F169
:10690000000FD5D0A0EB08004845E2D9D0E7002021
:10691000BDE8F08700202021206384F83D1084F832
:106920003E00216C41F02001216484F83C000120EC
:10693000BDE8F0872DE9F04381B0984691460446C2
:1069400001F47F078DB2561C0DE000BF20681821AE
:10695000B7F5803F08BF142140582A4608BF2A4691
:106960001040904228D120681821B7F5803F08BF19
:10697000142141582A4608BF2A46114091420ED0A0
:10698000416949050FD4002EEDD0FDF709FCB9F19E
:10699000000FDBD0A0EB08004845E4D9D6E7002083
:1069A00001B0BDE8F083016841F4007101606FF44B
:1069B00080614161042000E0202000212022216329
:1069C00084F83D2084F83E10226C1043206484F843
:1069D0003C10012001B0BDE8F083000070B5044612
:1069E0000068154650F8143F5A0615D40E4608E0C4
:1069F0002068406940061DD5206850F8141F4906DC
:106A00000AD40168C90609D4FDF7CAFB002EEFD0ED
:106A1000401BB042F0D9EBE7002070BD6FF01001D1
:106A2000016000202021206384F83D1084F83E009E
:106A3000216C09E000202021206384F83D1084F8B7
:106A40003E00216C41F02001216484F83C000120CB
:106A500070BD0000F0B581B00446006840690006D2
:106A60001AD415460E464F1C08E000BF2068406946
:106A7000000614D52068406900060DD42046FFF7B3
:106A8000D5FDC8B9002FF5D0FDF78AFB002EEDD05B
:106A9000401BB042EED9E9E7002001B0F0BD002074
:106AA0002021206384F83D1084F83E00216C41F0E1
:106AB0002001216484F83C00012001B0F0BD0000F9
:106AC000FEE70000FEE7000000F0070080F007038B
:106AD000042B28BF04234FF0FF3C03380CFA03F3C8
:106AE00038BF0020994381400CFA00F022EA0000F0
:106AF0000843704700000000000000000000000094
:106B0000EFF30980BFF36F8F154B1A681EF0100F5B
:106B100008BF20ED108A20E9F04F10602DE9090030
:106B20004FF0500080F31188BFF34F8FBFF36F8F8A
:106B300006F094FB4FF0000080F31188BDE80900D7
:106B400019680868B0E8F04F1EF0100F08BFB0ECED
:106B5000108A80F30988BFF36F8F704700BF00BFB2
:106B6000C00A002080B5806B01684A6822F00302E9
:106B70004A60416D41F010014165012180F85110DA
:106B8000FEF710FA80BD000080B5806BFEF76AFB4F
:106B900080BD000080B5806BFEF74EFD80BD00001B
:106BA00080B5806BFEF74CFD80BD0000B0B5846BF6
:106BB0000546FDF7F5FA29680968C90526D4024695
:106BC0002068A168436823F02003436031B96168FD
:106BD000B1F5827F02D16FF0030101E06FF0010196
:106BE0004368194041602046642100F079F800288C
:106BF0001CBF202060650020E087012084F8510040
:106C0000606D18B12046FEF7CDF9B0BD2046FEF705
:106C100027FBB0BDB0B582B0846B0546FDF7C0FA66
:106C200029680968C90528D402462068416821F00E
:106C300020014160416821F0020141602046642149
:106C400000F096F818B1606D40F020006065A06813
:106C500038B9002001902068C168019180680190D6
:106C600001980020E086012084F85100606D20B179
:106C70002046FEF797F902B0B0BD2046FEF7DAFCD9
:106C800002B0B0BDB0B5846B0546FDF789FA29683E
:106C90000968C9051FD402462068416821F0200117
:106CA00041602046642100F063F818B1606D40F047
:106CB000200060652068416821F0030141600020E8
:106CC000E086E087012084F85100606D18B120460D
:106CD000FEF768F9B0BD2046FEF7B0FCB0BD00007D
:106CE000B0B582B0044640680B46B0F5827F20D133
:106CF000A168B1F5004F02D0B1F5806F04D12168D1
:106D00000D6825F040050D60B0F5827F11D1A068B7
:106D1000B0F5806F1DD10092204601210022002590
:106D200000F06AF890B1606D032540F020006065C6
:106D30000CE00092204601210022002500F05CF8C2
:106D400020B1606D032540F020006065284602B048
:106D5000B0BD0092204680210022002500F04CF8B2
:106D60000028F3D0606D032540F020006065EDE75A
:106D700070B582B00D461646022101222B4604460C
:106D8000009600F039F828B1606D032540F020002E
:106D900060652DE040F20400C2F20000006849F690
:106DA0008171C1F25E61A0FB0101480D4FF47A715F
:106DB000484301906068B0F5827F0FD12046802162
:106DC00000222B460096002500F016F880B1606D79
:106DD000032540F0200060650AE000BF019830B153
:106DE000019801380190206880680006F6D40025DB
:106DF000284602B070BD00002DE9F04782B00A9C21
:106E0000984615460E468146FDF7CAF9201A00EB52
:106E10000804FDF7C5F940F20401C2F20001096857
:106E2000C1F3CB3161430191D9F800108968314039
:106E3000891BB1FA81F14909A94203D1002002B0AE
:106E4000BDE8F087824608F1010709E0D9F80000A3
:106E500080683040801BB0FA80F04009A842EDD035
:106E6000002FF3D0FDF79CF9A0EB0A00A04207D257
:106E700001980199002808BF0446481E0190E5E7E3
:106E8000D9E900014268B1F5827F22F0E002426058
:106E90000BD1D9F80810B1F5004F02D0B1F5806FD1
:106EA00003D1016821F040010160D9F82810B1F543
:106EB000005F07D1016821F400510160016841F4CD
:106EC00000510160012089F85100002089F850002C
:106ED000032002B0BDE8F0870000000000000000C1
:106EE000074B19680868B0E8F04F80F30988BFF3D2
:106EF0006F8F4FF0000080F31188704700BF00BF14
:106F0000C00A002080B504F0B5FA80BD80B54EF20D
:106F10001000CEF20000006807F058F9012818BFF1
:106F200006F0A2FB80BD00004EF68850CEF20000B5
:106F3000016841F4700101607047000080B540F2C3
:106F4000DC70C2F20000FEF72FFF80BD80B540F676
:106F50002400C2F20000FEF727FF80BD80B540F696
:106F60006C00C2F20000FEF71FFF80BD10B540F6B6
:106F7000FF3E0368C4F2000E40F2004C7045C4F2BC
:106F8000010C0FDCB0F1804F19D040F20042C4F286
:106F90000002904213D040F60002C4F20002904278
:106FA0000DD010E040F60042C4F20002904206D03C
:106FB000604504D00022C4F20102904203D14A6825
:106FC00023F07003134341F6FF72C4F200029042B3
:106FD0000DDC70451FDCB0F1804F41D040F2004223
:106FE000C4F2000290423BD040F6000221E043F69A
:106FF000FF72C4F20102904220DC42F20002C4F2AD
:10700000000290422CD00022C4F20102904227D00C
:10701000604525D028E040F60042C4F200029042CC
:107020001ED041F60002C4F20002904218D041F690
:107030000042C4F20002904212D015E044F2000275
:10704000C4F2010290420BD044F60002C4F20102E5
:10705000904205D044F20042C4F20102904203D1B2
:10706000CA6823F44073134323F080024B69D1F8BC
:1070700000E08C681A430260C46240F48062C0F889
:1070800028E0624504BF096901630121416101698A
:10709000C90708BF10BD016921F00101016110BDE0
:1070A00080B501F01F014FF0010CD0F820E00CFA80
:1070B00001F32EEA03030362036A02FA01F11943A2
:1070C000016280BD80B501F00F014FF0040CD0F8D3
:1070D00020E00CFA01F32EEA03030362036A02FACA
:1070E00001F11943016280BDD0F808C011432CF4AE
:1070F0007F4C41EA032141EA0C01816070470000A6
:10710000826822F07002114341F0070181607047EC
:10711000B0B5026A036A22F0020223F0010303629F
:10712000D0F804E083690C6823F073038D6843EAA8
:10713000040C40F2004440F48063C4F20104A34212
:1071400042EA050205D1CD6822F00C0225F00405C3
:107150002A43A34206D1D1E905542EF440732B43B0
:1071600043EA040EC0F804E0C0F818C0496841635F
:107170000262B0BD70B5026A036A22F0200223F0F9
:1071800010030362D0F804E083690C6823F4E6433B
:107190008D6843EA042C40F2004440F48063C4F25A
:1071A0000104A34242EA051207D1CD686FF0400600
:1071B00022F0C00206EA05152A43A34207D1D1E90D
:1071C00005652EF4406343EA860343EA850EC0F862
:1071D00004E0C0F818C049688163026270BD000015
:1071E00070B5026A036A22F4007223F480730362AA
:1071F000D0F804E0C3690C6823F073038D6843EA98
:10720000040C40F2004440F48063C4F20104A34241
:1072100042EA052207D1CD6840F2FF462D0222F452
:107220004062B5432A43A34207D1D1E905652EF454
:10723000405343EA061343EA051EC0F804E0C0F8D1
:107240001CC04968C163026270BD000010B5D0F86F
:1072500020C0026A40F2004422F480520262426876
:10726000C369C4F2010423F4E64E40F48063A342F0
:107270000B688C684EEA032E2CF4005343EA043C5E
:1072800004D14B6922F4804242EA83124260C0F882
:107290001CE049680164C0F820C010BDD0F820C0CF
:1072A000036A23F001030362836923F0F00343EAD6
:1072B00002122CF00A031943826101627047000038
:1072C00010B5D0F820C0D0F820E041F2FF742EF0C5
:1072D000010EC0F820E0D0F818E0C4F20004A0428B
:1072E0000DDC40F2FF74C4F20004A04215DCB0F1E2
:1072F000804F29D040F20044C4F2000422E040F262
:10730000FF34C4F20104A04212DC41F60004C4F2CE
:107310000004A04218D0002412E040F60004C4F299
:107320000004A04210D040F60044C4F2000409E07A
:1073300044F20004C4F20104A04205D040F200442B
:10734000C4F20104A0420CD12EF00304224363F3E3
:1073500007122CF00A0301F00A011944826101624C
:1073600010BD4EF00102F2E7D0F820C0036A23F00E
:1073700010030362836923F4704343EA02322CF062
:10738000A00343EA011182610162704710B5D0F891
:1073900020C0D0F820E012022EF0100EC0F820E03D
:1073A000D0F818E04FF2FF04A2432EF4734E63F3BB
:1073B0000F322CF0A00301F00A0142EA0E0243EA68
:1073C00001118261016210BD80B5D0F820C0D0F8F3
:1073D00020E063F307122EF4807EC0F820E0D0F89E
:1073E0001CE02CF420632EF0F30E01F00A0142EAB7
:1073F0000E0243EA0121C261016280BD10B5D0F8DE
:1074000020C0D0F820E012022EF4805EC0F820E008
:10741000D0F81CE04FF2FF04A2432EF4734E63F346
:107420000F322CF4204301F00A0142EA0E0243EA33
:107430000131C261016210BD80B5806B0021C18540
:10744000C184FEF7BFFE80BD10B5846B2068406923
:1074500094F84110212907D110F0800004D00020B9
:10746000E084204600F09CF82068406994F84210BF
:10747000222907D110F0400004D00020E0852046EA
:1074800000F05AF8606C40F0100060642046FEF78F
:1074900099FE10BD80B50168806B0968C9052FD4BD
:1074A0000021C185016851E8031F026821F4807141
:1074B00042E80313002BF5D1016851E8051F02686B
:1074C00021F0010142E80513002BF5D1016851E8D4
:1074D000051F026821F0400142E80513002BF5D199
:1074E000202180F84210016B012909D1016851E87F
:1074F000031F026821F0100142E80313002BF5D1AD
:1075000000214163016B012903D1818DFEF70EFE3D
:1075100080BDFFF729F880BD80B5806B01214163F4
:10752000016B012904D1818D4908FEF7FFFD80BD63
:10753000FFF71CF880BD0000016851E8031F0268D6
:1075400021F4907142E80313002BF5D1016851E852
:10755000051F026821F0010142E80513002BF5D157
:10756000016B01290AD100BF016851E8031F0268BD
:1075700021F0100142E80313002BF5D1202180F8FF
:10758000421000210163704780B50168CA6822F08B
:107590004002CA60202180F84110FFF743F880BD07
:1075A000016851E8031F026821F0C00142E803139B
:1075B000002BF5D1202180F84110704780B582B0B2
:1075C00090F8421022291ED18268B2F5805F02D164
:1075D000016900294AD0816AB2F5805F07D00AB9F3
:1075E000026922B10268526802F07F0201E002687B
:1075F00052680A700121826A11448162C18D013989
:107600000A04C18501D002B080BD0168CA6822F0B9
:107610002002CA60CA6822F48072CA604A6922F0F5
:1076200001024A61202180F8421000214163026B6F
:10763000012A23D1016300BF016851E8031F0268DA
:1076400021F0100142E80313002BF5D101680A680C
:10765000D20606D5002201920A680192496801917A
:107660000199818DFEF762FD02B080BD0168826ADA
:1076700049686FF35F2111800221BCE7FEF774FFB8
:1076800002B080BD10B504460068D4E902C2236987
:10769000016921F4405111430161626943EA0C011F
:1076A000E3691143C268194349F20C639A431143D9
:1076B000C1604169A26921F4407141F20043114364
:1076C00040F48062C4F201039A42416102D1FDF7A5
:1076D0007FFA01E0FDF76AFAE16963681922B1F502
:1076E000004FA0FB02011CD15A00DB0FF8F716FE79
:1076F00048F21F51C5F2EB11A0FB01235A096FF0AC
:10770000630302FB0300322303EBC000A0FB010173
:107710004FF4F87000EA111000EB0210C1F34211AF
:107720001AE09A009B0FF8F7F9FD48F21F51C5F2D5
:10773000EB11A0FB01235A096FF0630302FB030066
:10774000322303EB0010A0FB0101F02000EA5110EE
:1077500000EB0210C1F3431122680843906010BD92
:1077600070B582B013460026044681628385466464
:10777000222084F842000A462168E06B47F2954CCB
:1077800047F2195E47F24945C0F6000CC0F6000EFC
:10779000C0F600050431C0E90FCEC0E91356FCF76E
:1077A000F3FB0196206801680191406801900198FF
:1077B000206948B1206850E8030F216840F48070C8
:1077C00041E80302002AF5D1206850E8050F21683E
:1077D00040F0010041E80502002AF5D1206850E898
:1077E000050F216840F0400041E80502002AF5D16C
:1077F000002002B070BD000090F84110212923D173
:107800008168B1F5805F01D1016931B1016A026817
:107810004B1C03620978516007E0016A036831F884
:10782000022B6FF35F225A600162C18C01390A0496
:10783000C18418BF70470068C16821F08001C16031
:10784000C16841F04001C160704700002DE9F0417E
:1078500082B00446006800680840884203D10020D6
:1078600002B0BDE8F0811D460E4690465F1C04E064
:10787000206800683040B04228D0002FF8D0FCF7D4
:107880008FFC01464FF003000DB3A1EB0801A942A4
:107890001DD82068C1684907EAD5402EE8D0802E5F
:1078A000E6D001680907E3D500250195016801913B
:1078B0004068019001982046FFF73EFE0820606472
:1078C00084F84050012002B0BDE8F081002002B0F1
:1078D000BDE8F08180B540F6B400C2F20000006857
:1078E0000068C00605D540F6B400C2F2000000F002
:1078F00009F840F6B400C2F20000FEF765FC80BD56
:10790000FEE70000B0B582B00446006841F2000115
:10791000C4F20101884201D002B0B0BD0968C906B5
:10792000FAD50021009101684EF604550091406897
:1079300041F23C710090009840F27810C2F20000D1
:107940000068C2F2000101AA0023CEF2000506F091
:1079500031F840B9019830B14FF080502860BFF342
:107960004F8FBFF36F8F2046FEF7E2FB019830B1D7
:107970004FF080502860BFF34F8FBFF36F8F41F2FD
:107980003C75C2F2000528464021F9F7BBF92046B4
:1079900029464022FEF7D2FD02B0B0BD10B540F638
:1079A0000004C4F20204204620210022FCF7F2FB6E
:1079B000052004F00DF8204620210122FCF7EAFB07
:1079C0004FF4C86004F004F810BD000080B500203A
:1079D000C4F2020010210022FCF7DCFB80BD000095
:1079E00080B50020C4F2020010210122FCF7D2FB76
:1079F00080BD000010B5044640F23400C2F2000021
:107A00000021C0F8021003F04DFD28B100202146EE
:107A10001922642303F05EFD2078FF2800D010BDFA
:107A20006078FF28FBD1A078FF28F8D1E078FF2804
:107A3000F5D12079FF28F2D16079FF2818BF10BD59
:107A400040F23401C2F2000120461922F9F7B9F8D8
:107A500010BD0000B0B588B0044647F6CD1047F61B
:107A6000E111C0F60000C0F6000104F075FE4CF60E
:107A7000F9304CF6C141C0F60000C0F6000104F038
:107A800087FE4CF68D304CF65541C0F60000C0F62E
:107A9000000104F09FFEFFF781FF0020214603F064
:107AA00029FE01AD0120294603F024FE05208DF8B2
:107AB00000004FF47A70ADF802006946042003F02C
:107AC00019FE2046294605F017FC0138B0FA80F06F
:107AD000400908B0B0BD000010B5044603F0E2FC58
:107AE000002808BF10BD002021461922642303F09E
:107AF00017FD10BDB0B582B040F20805C2F2000516
:107B0000E9680446884768698047686A70B1AA6A6C
:107B100062B1200C8DF80500200A8DF806000DF1E9
:107B2000050003218DF8074090470AE0296AC4F355
:107B300007408847296AC4F307208847296AE0B2CA
:107B40008847E8698047A9690446884728698047CB
:107B5000204602B0B0BD0000F0B581B040F2080789
:107B6000C2F200070D46F968144606468847786950
:107B70008047786A90B1BA6A82B1300C8DF8010002
:107B8000300A8DF802000DF1010003218DF8036029
:107B900090477A6A28462146904713E0396AC6F32F
:107BA00007408847396AC6F307208847396AF0B228
:107BB00088473CB1013D00BFF8698047013C05F8AA
:107BC000010FF9D1B86980473869804701B0F0BD2D
:107BD000F0B581B040F20806C2F200060C46F1682A
:107BE0000546884770698047B26A45F004076AB164
:107BF000280C8DF80000280A8DF801006846042141
:107C00008DF802708DF8034090470DE0316AC5F39E
:107C100007408847316AC5F307208847316AF8B2C0
:107C20008847316A20468847B06980473069804775
:107C300001B0F0BD2DE9F04182B040F20807C2F278
:107C400000078846F96814460646884778698047E1
:107C5000BA6A46F0040582B1300C8DF80500300A8E
:107C60008DF806000DF1050003218DF807509047AF
:107C7000BA6A40462146904714E0396AC6F3074085
:107C80008847396AC6F307208847396AE8B28847C7
:107C900044B1A8F1010500BF396A15F8010F884702
:107CA000013CF9D1B86980473869804702B0BDE826
:107CB000F08100002DE9F04F87B00F46109941F692
:107CC000A835C2F2000504466818C1F580619846DF
:107CD0001646F8F7F5FF4FF0000A28468DF818A071
:107CE000CDF814A0CDE903AAF8F74CFFB8F1000FC6
:107CF000834600F08180B946029720E0206815FA9B
:107D00008BF707F081FF41EC100B3846029F41A131
:107D100003AA8DED000BF8F793FB16F80A000AF1A1
:107D2000010A03284FF0040008BF08200444284635
:107D3000F8F728FF8346D04509F10D095CD06FB1F3
:107D400099F80C008DF81800D9F80000D9F808103F
:107D5000D9F804200591CDE9030218E04CF6CD4096
:107D6000CCF6CC40AAFB0001C80800EB8000AAEBCF
:107D7000400040F030008DF80C000020BAF1090FEF
:107D80004FF0300288BF02EBD1008DF80D0016F8DD
:107D90000A0003280CD00228B0D00128BDD12368E6
:107DA00015FA8BF01EA103AAF8F74AFBB5E700BF4E
:107DB00041F29870C2F2000035464646D0E900789C
:107DC00006F018FA41F29871C2F20001896803AA1C
:107DD000401A4FF47A714843391848F10003B0460D
:107DE0002E4641F6A835029FC2F2000515FA8BF027
:107DF000009105A101938EE71FFA8BF040F60D214B
:107E0000295207B0BDE8F08F25733A256C6C7520B8
:107E10000000000025733A252E3266200000000085
:107E200025733A25752000002DE9F04F8DB0E8B19B
:107E30000C46017806464FF0FF00C1B1302916D03C
:107E40003078C0B10025002709E000BF303809288C
:107E50006ED830460137F8F795FE87420BD2F05DB9
:107E60002E28F3D1022D65DC0135F2E7FF2040B268
:107E70000DB0BDE8F08F4FF0FF3009ADCDE90B003C
:107E8000CDE9090005F10C00049005F1080005AFEB
:107E90000390281D07F1040840F2162102904FF0CC
:107EA000000B07F1080907F10C0AC0F60101304682
:107EB0003A464346CDE907BBCDE905BBCDF8009076
:107EC000CDF804A0F8F73AFC40F22E26C0F60106E1
:107ED000384631462A46F8F731FC029A4046314688
:107EE000F8F72CFC039A48463146F8F727FC049A29
:107EF00050463146F8F722FC07EB0B063046F8F700
:107F000041FE88B13078302801D17078A0B955F899
:107F10000B00FF280AD80BF1040BBBF1100F04F87B
:107F2000010BE9D10020A2E7FF20A0E7FF209EE798
:107F3000FF209CE7FF209AE7FF2098E72DE9F04F0C
:107F40008FB00C466421ADF83A1040F21421C0F60F
:107F500001011546F8F7D2FD002800F0E5808146C2
:107F60000DF1120040F2E43B00F11406A01D4FF0A9
:107F7000000A71A70DF11208C2F2000B03900295DE
:107F8000CDE9006411E000BF74A003F025FC204699
:107F9000FFF7A2FD40F214210020C0F60101F8F71E
:107FA000ADFD8146002800F0C18048463946424672
:107FB0003346F8F7C3FB404662A10322F8F7B6FD4B
:107FC00000B3404660A10522F8F7B0FD50B340462B
:107FD0005FA10522F8F7AAFD002878D130465EA1FE
:107FE0000DF13A02F8F7AAFBBDF83A0040F2E73289
:107FF000811E91422CD34846002D74D003F0ECFB37
:1080000073E000BF03993046FFF70EFF013017D031
:10801000D4F806004AF0010AC4F80E00012060748A
:1080200055E000BF9DF82600A0F130013138C0B204
:108030000528E17509D348462DB303F0CDFB24E0B4
:1080400048466DB103F0C8FB0CE04AF0020A3EE07E
:108050004FF47A71B1FBF0F04AF0040A207636E072
:1080600003F04EFD40F2E824C0F6010494E8EF006E
:10807000E4698BE8EF00029DCBF81C400DB3584635
:1080800003F0AAFB20E003F03BFD40F27030C0F6A5
:108090000100D0E900C100F108078CCFD0E90565E7
:1080A000CBE900C10BF108018CC1CBE90565029D4C
:1080B000C46990F82000002DCBF81C408BF82000FC
:1080C000DDD1584603F01CFDDDE900641AA70AF073
:1080D000070007287FF45EAF002D7FF455AF5846A8
:1080E00003F00EFD53E703F00BFD40F29432C0F6AF
:1080F0000102D2E900CED2E90293D2E90476D2E9B4
:108100000654D2E90801CBE90801CBE900CECBE95E
:108110000293CBE90476CBE90654029D108D002D25
:10812000ABF82800ABD1CCE74FF0000A5FFA8AF039
:108130000FB0BDE8F08F00BF255B5E3A5D3A257356
:108140000000000069700000747970650000000094
:10815000667265710000000025750000757064612D
:10816000746520626F61726420696E666F2C207086
:108170006C6561736520706F7765726F66662061EC
:108180006E64207265626F6F740D0A0094B006F021
:1081900031F8059001F046FF0A2003F019FC012098
:1081A0000021032205F084FA40F2E845C2F20005FE
:1081B0000028286008BFFAF7A5FE286800210022E1
:1081C000002305F025FB01200021032205F070FAB1
:1081D00040F2EC4BC2F2000B0028CBF8000008BFC5
:1081E000FAF790FEDBF8000000210022002305F0E2
:1081F0000FFB01200021032205F05AFA40F2F4455A
:10820000C2F200050028286008BFFAF77BFE286844
:1082100000210022002305F0FBFA012000210322A7
:1082200005F046FA40F60015C2F200050028286065
:1082300008BFFAF767FE286800210022002305F036
:10824000E7FA05204FF48071002205F031FA40F280
:10825000E031C2F20001086040F20830C0F60100CF
:10826000D0E9001240F2E43AC2F2000ACAF8001063
:108270008168CAF80420C268CAF808100169CAF8FF
:108280000C204269CAF810108169CAF81420C2692A
:10829000CAF81810016ACAF81C20426ACAF82010ED
:1082A000816ACAF82420C26ACAF82810016BCAF889
:1082B0002C20426BCAE90C12D0E90E10CAE90E104C
:1082C000504603F01DFC40F26C20C0F6010090E81F
:1082D0008E0000F1100E9EE840508AE88E000AF1F0
:1082E0001001D0F81C8081E84050D0E9081290F8C5
:1082F0002800CAF81C808AF828005046CAF82010C6
:10830000CAF8242003F0FCFB40F63A5047F67411FB
:1083100046F64672C0F20A00C6F27051C2F272020C
:10832000CAE90021CAF80800504603F0E9FB40F210
:108330009820C0F6010090E88E000669808A8AE8DD
:108340008E00AAF814005046CAF8106003F0D8FB5B
:1083500040F2B020C0F6010090E88E00D0E904643D
:10836000007E8AE88E008AF818005046CAF810602D
:10837000CAF8144003F0C4FB40F2CC20C0F6010060
:1083800090E88E00D0E90464007E8AE88E008AF8C6
:1083900018005046CAF81060CAF8144003F0B0FB49
:1083A00040F6205046F2741146F6697242F2090313
:1083B000C0F20A00C6F27451C7F22032C2F234038E
:1083C000CAE90032CAE90210504603F099FB40F2B4
:1083D0004820C0F6010090E88E00D0E90464D0E99E
:1083E00006CE006A8AE88E00CAE90464CAF818C09A
:1083F000CAE907E0504603F083FB40F24830C0F67C
:10840000010090E88E00D0E90464D0E906CE8AE845
:108410008E00016A90F82400CAE90464CAE906CE15
:108420008AF824005046CAF8201003F069FB0DA812
:10843000FFF7E0FA0DAB0FCB0DF1180C8CE807003D
:1084400011989DF84C10CDE90930129840F2DC18D3
:10845000059DC2F200084FF000090B908DF8301016
:1084600002E04FF00F0931E140F27810C2F2000053
:1084700000684146002205F065FB68B105F0BAFED0
:10848000401B41F28731884206D8404606A90022A7
:10849000FFF754FD814611E005F0ACFEB9F10F0F76
:1084A0000CD0401B41F28931884207D340F6B4001A
:1084B000C2F20000FDF73CFE4FF0070909F00F0083
:1084C00007285FD106A8FFF7C5FA9DF830009DF890
:1084D00020109DF821704FF47A7640F24D059DF8FA
:1084E0001E209DF81F309DF82F40B6FBF0F6C2F21B
:1084F00000052870CDE9001750460FF210310294A4
:108500000396F7F79DFF504603F0FAFA9DF82F0007
:1085100040F25411C2F20001087040F2DC70C2F265
:108520000000FDF7DDF901F00BF90820009048F696
:108530001120C0F600000FF2F8214FF40072002362
:108540000027019705F03CFD012840F036819DF899
:108550002F00013804283FD8059DDFE800F0100DFA
:10856000033F100001F04EFA40F2DC70C2F200004E
:108570000421FDF7EDF874E702F0E4FEF2E701F004
:108580007BFE6EE7B9F10F0F40F0A0804FF44A7008
:108590005C46FFF7AFFA1C2800F27480DFE800F0B9
:1085A0000F7272727272727272727272727272720E
:1085B0007272722372727227727272726F0001206D
:1085C000012141F28932002304F048FA01200721F9
:1085D000002204F0C3F955E0059D42E700F046FA99
:1085E00001F0DEFB3DE7012003F08CF94AE00120B9
:1085F00003F0EEF94FF40A70FFF77CFAC0071FD0C2
:108600004FF40A700121FFF7E3FA9DF830709DF8EE
:1086100020C09DF821104FF47A709DF81E209DF81F
:108620001F309DF82F60B0FBF7F7CDE900C1504631
:108630006CA102960397F7F703FF504603F0CCF8BE
:10864000012003F0E5F8E8B1834640464FF480711D
:10865000F8F758FB4FF48070BBF5807F28BF834646
:10866000012041465A4603F0F9FF06AE3046FFF7B7
:10867000C1F9404631460122FFF760FC02E00120CB
:1086800003F060F840F24D00C2F20000017820686B
:108690000131A34605F06CFB002800F098804FF4F0
:1086A0004270FFF727FA1C2810D8DFE800F0150FFA
:1086B0000F0F0F0F0F0F0F0F0F0F0F0F0F0F0F0FCA
:1086C0000F2E0F0F0F320F0F0F0F820005F092FDCC
:1086D0000A2003F07DF9C7E60020012141F288322B
:1086E000002304F0BBF900200721002204F036F932
:1086F0000120012141F28932002304F0AFF9012069
:108700000721002204F02AF9E0E7002003F0FAF83C
:10871000DCE74FF40270FFF7EDF9C00704D04FF427
:1087200002700121FFF754FA41F2A874C2F200046A
:1087300020464FF48071F8F7C3FA40F24010C2F2BD
:10874000000000682146002205F0FCF901280BD149
:1087500041F2A874C2F200042046F8F713FA82B27C
:108760000020214604F05EF8002003F051F80028B4
:10877000ACD040F63C74C2F20004074620464FF4E9
:108780008061F8F79DFA4FF48060B7F5806F28BFDD
:108790000746002021463A4603F060FF40F23410BD
:1087A000C2F20000006821460022002305F030F8E4
:1087B0008CE7002002F0C6FF88E74FF0500080F3FE
:1087C0001188BFF36F8FBFF34F8F00BFFEE74FF0ED
:1087D000500080F31188BFF36F8FBFF34F8F00BF3E
:1087E000FEE700BF657468496E666F3A697025647C
:1087F0002E25642E25642E256420747970652564E9
:10880000206672657125640D0A00000069703A25C2
:10881000642E25642E25642E25642C2074797065C1
:108820003A25642C20667265713A25640D0A0000B1
:1088300073656E645461736B000000002DE9F04FA6
:108840008BB00091114601939346F8F75DF940F221
:108850001421C0F60101F8F751F9002853D0DDF8D2
:1088600050A00DF10A0707F1110617E030462AA1C2
:108870002A46F7F763FFD5E9000141F29874C2F286
:108880000004C4E9000105F0B5FCA06040F2142129
:108890000020C0F60101F8F731F9A0B31BA13A4658
:1088A0003346F7F74BFFBAF1000FEFD0019C0020E1
:1088B0005D46D0461FFA80F938462946F8F74CFA4B
:1088C000217868B10420032908BF08204844B8F182
:1088D000010804F1010405F10D05EBD1D6E700BF55
:1088E00000980329006800EB0905BFD0022904D0D5
:1088F0000129CBD130460BA101E0304608A12A4620
:10890000F7F71CFFC2E70BB0BDE8F08F255B5E3ABE
:108910005D3A257300000000256C6C7500000000B6
:10892000256600002575000070B592B006AC2046A3
:108930003021F8F7E7F9002543F640000595CDE929
:108940000355CDE901550095C4F2020001680226E5
:1089500041F080510160006800F080500090009864
:1089600047F200000095C4F20000016841F4804124
:1089700001600068A82100F4804000900098012068
:1089800006904FF4803007904FF480000D90042043
:108990000C960E90CDE90F1611902046FCF760F969
:1089A00088B90F20CDE901064FF4A05004904FF490
:1089B0008050059001A805210395FCF721F80028B7
:1089C00004BF12B070BDFAF79DFA00002DE9F04126
:1089D00088B040F288580C4604210025C2F20008F5
:1089E00001AE07AF082A28BF0822CDE90201CDE970
:1089F000045200BF4046314622463B46FAF76EFD20
:108A000010B10135FF2DF5D108B0BDE8F0810000AF
:108A100040F2E035C2F20005286840F2DC21C2F2E3
:108A200000014FF0FF3205F08DF8012814D140F21B
:108A3000DC24C2F2000400BF2046F8F7A3F882B29B
:108A40000120214603F0EEFE286821464FF0FF3258
:108A500005F078F80128EFD04FF0500080F311882E
:108A6000BFF36F8FBFF34F8FFEE70000F0B585B007
:108A700040F6000400260320C4F202046D46CDE94E
:108A80000366CDE90166009020462946FBF7AEFA61
:108A900004200090012720462946CDE90176FBF706
:108AA000A5FA0820CDE90007A4F500602946029642
:108AB000FBF79CFA05B0F0BD80B582B000200190B4
:108AC00043F63000C4F202000168002241F4800144
:108AD00001600068082100F48000019001983820AE
:108AE000FBF77AFF3820FBF773FF3A2005210022BD
:108AF000FBF772FF3A20FBF76BFF3B2008210022B7
:108B0000FBF76AFF3B20FBF763FF3C2005210022B7
:108B1000FBF762FF3C20FBF75BFF02B080BD00006B
:108B200010B584B040F2F84001220021C2F20000EA
:108B300042F2000C0124C0F60072C4F2010C4FF4A2
:108B40008033017680F82040C0E909420322CDE954
:108B50000211CDE90011C162C26180F83010C0E994
:108B600000C3C0E90211C0E90444FAF75DFA38BB5A
:108B70000A20CDE900040720029040F2F840C2F23A
:108B800000006946FAF7C2F9D0B90B200090022024
:108B9000019040F2F840C2F200006946FAF7B6F9D7
:108BA00070B90C2000900320019040F2F840C2F20E
:108BB00000006946FAF7AAF9002804BF04B010BD06
:108BC000FAF7A0F9B0B584B040F2405042F200117B
:108BD00001230024C2F20000C4F20101C0F60073B8
:108BE0000125CDE90244CDE900444FF480320476FA
:108BF00080F82040C0E90A34C56180F8304080E840
:108C00001600C0E903444561FAF70EFA68B940F26C
:108C10004050C2F200006946CDE900550294FAF7CF
:108C200075F9002804BF04B0B0BDFAF76BF9000075
:108C300080B540F2885046F20041C2F20000C4F212
:108C400000010622002380E80E0000F10C014FF421
:108C5000403C4FF4801E81E8085083618383FAF71B
:108C6000ABFE002808BF80BDFAF74CF92DE9F04FA4
:108C700087B0002543F630000695CDE90455CDE9CF
:108C800002550195C4F202000168002641F004017A
:108C900001600168C4F2020601F00401019101992A
:108CA00001950168002241F080010160016801F036
:108CB0008001019101990195016841F00101016074
:108CC000016801F00101019101990195016841F0EC
:108CD000020101600068142100F002000190019877
:108CE0003046FBF757FA06F50064204620210022A3
:108CF000FBF750FA06F580684046042100224FF049
:108D00000409FBF747FA42F2100002AFCDE9020571
:108D1000204639460495FBF769F94FF0010B3046C0
:108D20003946CDF80890CDE903B50595FBF75EF916
:108D30000820CDE902054FF0020A30463946CDF849
:108D400010A0FBF753F91020CDE9020B304639464D
:108D5000CDE904A5FBF74AF92020CDE9020B204616
:108D60003946CDE904A5FBF741F940463946CDE93E
:108D7000029BCDE904A5FBF739F94FF4E07002A995
:108D800081E8210420463946FBF730F907B0BDE8F9
:108D9000F08F000080B540F2307045F60001C2F25D
:108DA0000000C4F2000148F2A06200234FF4804C9E
:108DB000C0F2010280E80E00C0E9033CC0E90533BF
:108DC000C0E90733FBF7F2F9002808BF80BDFAF7C6
:108DD00099F8000080B540F2847043F20001C2F2BD
:108DE0000000C4F201014FF4827200234FF4007CB2
:108DF00080E80E000A21C0E90333C0E9053CC361E5
:108E0000C0E90833C0E90A31FCF7D2F8002808BFEE
:108E100080BDFAF777F8000010B596B040F2DC702C
:108E200000220021C2F20000C4F20102A72340F296
:108E3000E7344FF0800C1591CDE91311CDE91111F4
:108E4000CDE90F11CDE90D11CDE90B11CDE90911D6
:108E5000CDE90711CDE90511CDE90311CDE90111E6
:108E6000C0E90023C0E90214C0E90411C0F818C029
:108E7000FCF7E4FC002847D14FF48050129040F2F8
:108E8000DC70C2F2000012A9FCF77EFDE0BB40F2EC
:108E9000DC70C2F20000FDF79BF8A8BB40F2DC706A
:108EA0000024C2F2000010A9CDE91044FCF7F4FB45
:108EB00050BB6020CDE9090440F2DC70C2F2000032
:108EC00009A90422CDE90B44CDE90D440F94FDF727
:108ED00033F8C8B900200590CDE90300CDE90100C1
:108EE0004FF40051089040F2DC700691C2F200008D
:108EF00001A9FCF7ABFB38B940F2DC70C2F200000C
:108F0000FCF7ECFF16B010BDF9F7FCFF10B586B00A
:108F100040F66C0040F20041C2F20000C4F20001D1
:108F2000002453224FF6FF7380E816008021CDE91C
:108F30000444CDE90244CDE90044C0E90334816131
:108F4000FCF718FED8B940F66C00C2F2000004A984
:108F5000CDE90444FCF7A0FB88B900200121009072
:108F6000CDE90110039040F66C00C2F200006946A2
:108F70000C22FCF7B3FD002804BF06B010BDF9F7C2
:108F8000C1FF000080B540F6B40041F20001C2F21A
:108F90000000C4F2010100234FF00C0C4FF4E13249
:108FA00080E80E00C0E90333C0E905C3C361FDF7E3
:108FB00035FA002808BF80BDF9F7A4FF90ED0D2A0F
:108FC000B0EEC03A90ED001AB4EE423AF1EE10FA6B
:108FD00017DA90ED013A90ED044A90ED055A23EE30
:108FE000003A90ED072A23EE043A35EE033AB4EE48
:108FF000423AF1EE10FA80ED053A05DD80ED052AE2
:109000000BE00021416108E090ED082AB4EE423AFD
:10901000F1EE10FAB8BF80ED052A90ED022A90ED2E
:10902000065A21EE001A90ED033A22EE000A90ED66
:10903000044A30EE450A20EE032A22EE043A90ED6F
:10904000090A35EE033AB4EE403AF1EE10FA80ED3B
:10905000063A02DD80ED060A08E090ED0A0AB4EE59
:10906000403AF1EE10FAB8BF80ED060A90ED053AED
:1090700090ED0B0A31EE031A32EE011AB4EE401AEB
:10908000F1EE10FAC8BF704790ED0C2AB0EE410A1D
:10909000B4EE421AF1EE10FAB8BFB0EE420A7047D1
:1090A0000021C0E90511704784EEA15A84EE216ABF
:1090B000002180EC050AC0E9051180ED073AC0EDFA
:1090C000082AC0ED0B4A80ED0C4AC0ED0D3A80ED48
:1090D000095A80ED0A6A704790ED0C2A90ED001A4B
:1090E000B0EEC03AB4EE423AF1EE10FA21EE001AB8
:1090F00017DA90ED013A90ED034A90ED075A23EE0E
:10910000000A90ED082A20EE040A35EE000AB4EEBB
:10911000420AF1EE10FA80ED070A05DD80ED072A1C
:109120000BE00021C16108E090ED092AB4EE420A8B
:10913000F1EE10FAB8BF80ED072A90ED020A90ED2B
:10914000033A9FED292A90ED054AB0EEE06AF5EE6C
:10915000400A20EE030AB7EE003A21A1F1EE10FA20
:10916000B4EE426A33EE403A90ED075AC8BF04317C
:1091700091ED006AF1EE10FAC8BFF0EE460A24EE57
:10918000033A20EE800A30EE030AB4EE420AF1EE12
:1091900010FA31EE051A0ADC9FED143AB0EE402ABF
:1091A000B4EE430AF1EE10FAB8BFB0EE432A90EDE8
:1091B0000A0A31EE021AB4EE401AF1EE10FA80ED0E
:1091C000052AC8BF704790ED0B2AB0EE410AB4EEF5
:1091D000421AF1EE10FAB8BFB0EE420A704700BF73
:1091E000DB0F49C0DB0F4940DB0F4940DB0F49C0B3
:1091F0000021C16141617047002180EC040AC0ED8B
:10920000082A80ED092A80ED0A4AC0ED0B3AC0E930
:109210000411C0E9061180ED0C3A704782B040F2AB
:109220004D0640F2E847C2F20006C2F2000731786C
:109230003868013104F09CFD002800F05E8240F2A5
:10924000341941F23C3840F2541A9FEDF38A9FEDF5
:10925000F3AA9FEDF3CA9FEDF3EADFEDF38ADFEDAA
:10926000F39A41F6A83BC2F20009C2F20008C2F22A
:10927000000ABAEE039ABEEE00BAB2EE03DAB6EE18
:1092800000FAC2F2000B28E040F25C12C2F20002C7
:109290001870106840F2EE1140F2DA02C0F60101D7
:1092A000C0F60102022300250095FEF703FD40F2FF
:1092B000541AC2F2000A40F24010C2F200000068E4
:1092C00059460122002304F0A3FA317838680131AD
:1092D00004F04EFD002800F01082D9F8000041464D
:1092E000002204F02FFC012840F010819AF80000C1
:1092F000052833D0042840F0898040F25814C2F287
:109300000004206840F2D41240F2D8030190404695
:1093100001A9C0F60102C0F6010302250095FFF77E
:109320008DFA206840F600050068C4F2020500F0DE
:10933000010228460421FAF72DFF20680168A5F5EF
:109340000060C1F340020821FAF724FF206840F6CC
:10935000FC010068C2F200010870D7E040F228105A
:10936000C2F2000041468046006840F2060240F228
:10937000521301908B46084601A9C0F60102C0F6BF
:10938000010303250095FFF759FAD8F8000040F2D1
:1093900068114268C2F200010968120F0A6042882F
:1093A000022300EE102AB8EEC00A20EE080A30EEC2
:1093B000090A81ED030A828800EE102AB8EEC00A7D
:1093C00020EE0A0A30EE0B0A81ED010A0088002225
:1093D00000EE100A40F24410B8EEC00AC2F20000DB
:1093E00020EE0A0A006830EE0C0A81ED020A04F051
:1093F0000FFA28B940F23120C0F6010002F080FBDC
:10940000D84641F6A83BC2F2000B7FE0022855D3B4
:1094100040F23810C2F20000006870B358464FF4B2
:109420008061F7F76FFC4046F7F7ACFB0246584601
:109430004146F7F70BFC40F23814C2F200042068F2
:1094400040F2E50240F288130190584601A9C0F6A7
:109450000102C0F6010308250095FFF7EFF940F27D
:109460004C10C2F20000006821680022022304F0C0
:10947000CFF910B9A6A002F043FB40F26014C2F28B
:10948000000420684FF6507240F2DC030190404621
:1094900001A9C0F60002C0F6010303250095FFF7FD
:1094A000CDF940F22010C2F20000006821680022CD
:1094B000022304F0ADF948BB9CA024E0012825D18B
:1094C00040F26815C2F2000528684FF6C57240F2F6
:1094D0004D130190404601A9C0F60002C0F60103F9
:1094E00005240094FFF7AAF940F24410C2F20000EC
:1094F000006829680022022304F08AF930B940F29A
:109500003120C0F6010002F0FBFA00BF58464FF4CC
:109510008061F7F7F7FB9AF80000052830D004289F
:1095200040F0868040F2301AC2F2000A9AF8000039
:1095300040F60005C4F2020520F00104284601218E
:10954000FAF722FE20438AF8000020F002042846A1
:109550000221FAF719FE40F23113C2F2000344EA85
:1095600040001A78C1B291428AF800007FF48CAEB4
:1095700040F25C12C2F200021068016089E600BF8E
:1095800040F2481040F26C14C2F20000C2F2000433
:1095900000682168002204F0D5FA40F22C15C2F2CE
:1095A00000052868216842680B6822F0704242EA90
:1095B0000372426091ED040A032330EE0D0A20EE9F
:1095C0000E0ABCEEC00A10EE101A4180206890ED21
:1095D000020A30EE0F0A20EE280ABCEEC00A296803
:1095E00010EE102A8A8090ED060A40F2521230EEF8
:1095F000290A20EE280ABCEEC00A10EE100A0880E4
:10960000286840F20601C0F60101C0F601020025FB
:109610000095FEF74FFB4EE66F12833A17B7D1382D
:10962000DB0F49C000007A4400401C46DB0F494074
:10963000022820D340F23C15C2F20005296800241C
:10964000A1B340F25010C2F200000068002204F002
:1096500079FA286840F290120021C0F60102102326
:109660000094FEF727FB41F6A830C2F20000F7F79E
:1096700089FA82461CE001287FF41DAE40F24810B2
:1096800040F26C14C2F20000C2F2000400682168CB
:10969000002204F057FA206840F22D0140F25512E2
:1096A000C0F60101C0F601020C23B0E74FF0000A3A
:1096B00040F2241040F26414C2F20000C2F200042E
:1096C00000682168002204F03DFA20684FF67771A7
:1096D00040F2DF021FFA8AF4C0F60001C0F6010270
:1096E00006230094FEF7E6FA40F2541A41F6A83B2E
:1096F000C2F2000AC2F2000BDDE54FF0500080F329
:109700001188BFF36F8FBFF34F8F00BFFEE700BF1D
:109710006164736F727074696F6E436D64207365FA
:109720006E64206572726F720D0A000066616E438E
:109730006D642073656E64206572726F720D0A002D
:1097400010B582B040F25414C2F20004207805280B
:1097500000F2BD80DFE800F0CD035353BB031820B7
:1097600002F0C0FE40F26811C2F200010028086059
:1097700000F0F080382002F0B5FE40F26C11C2F229
:1097800000010028086000F0E580102002F0AAFE29
:1097900040F22811C2F200010028086000F0DA80CF
:1097A000102002F09FFE40F22C11C2F200010028AE
:1097B000086000F0CF8001201821002203F078FF1C
:1097C00040F24411C2F200010028086000F0FF805E
:1097D00001203821002203F06BFF40F24811C2F251
:1097E00000010028086040F084804FF0500080F3B2
:1097F0001188BFF36F8FBFF34F8F00BFFEE71020BC
:1098000002F070FE40F26011C2F200010028086010
:1098100000F0A080202002F065FE40F26411C2F248
:1098200000010028086000F095800120102100222E
:1098300003F03EFF40F22011C2F200010028086050
:1098400000F09D8001202021002203F031FF40F232
:109850002411C2F200010028086000F0AE802078D8
:10986000022846D1282002F03DFE40F23811C2F213
:109870000001002808606DD0482002F033FE40F25D
:109880003C11C2F200010028086063D001202821A9
:10989000002203F00DFF40F24C11C2F2000100283B
:1098A000086000F09E8001204821002203F000FFA4
:1098B00040F25011C2F200010860D0B94FF05000E0
:1098C00080F31188BFF36F8FBFF34F8FFEE7102037
:1098D00002F008FE40F25811C2F200010860C8B35D
:1098E000102002F0FFFD40F25C11C2F2000108609E
:1098F00080B302204FF48061002203F0D9FE40F2D1
:109900003411C2F20001086030B301204FF48061CD
:10991000002203F0CDFE40F24011C2F200010860C7
:1099200018B3012003F0B8FE47F2E061C2F2000173
:10993000086070B31020009049F21D200024C0F68A
:1099400000002DA14FF400720023019404F038FBB5
:10995000012828D102B010BD4FF0500080F31188CB
:10996000BFF36F8FBFF34F8FFEE74FF0500080F3D0
:109970001188BFF36F8FBFF34F8F00BFFEE74FF02B
:10998000500080F31188BFF36F8FBFF34F8F00BF7C
:10999000FEE74FF0500080F31188BFF36F8FBFF3E5
:1099A0004F8F00BFFEE74FF0500080F31188BFF3E8
:1099B0006F8FBFF34F8F00BFFEE74FF0500080F373
:1099C0001188BFF36F8FBFF34F8F00BFFEE74FF0DB
:1099D000500080F31188BFF36F8FBFF34F8F00BF2C
:1099E000FEE74FF0500080F31188BFF36F8FBFF395
:1099F0004F8F00BFFEE700BF6574684465616C541B
:109A000061736B0010B582B0102002F06BFD40F264
:109A10007011C2F200010860E0B12020202402F0A1
:109A200061FD40F27411C2F20001086090B140F291
:109A3000F04C49F67520C2F2000CC0F600000BA1F4
:109A40004FF4007200230094CDF804C004F0B8FA7B
:109A5000012801D102B010BD4FF0500080F31188F1
:109A6000BFF36F8FBFF34F8FFEE700BF66616E5489
:109A700061736B0092B09FEDB78A00209FEDB30A2F
:109A8000DFEDB30A9FEDB42ADFEDB42A9FEDB43ABF
:109A90009FEDB44ADFEDB44A119003A8F3EE023A09
:109AA000B0EE481AF0EE481AFFF7FEFA40F24050C6
:109AB000C2F20000F9F7C2FB40F66C00C2F20000EF
:109AC0000C21FCF7C3F840F2F447C2F200073868F3
:109AD000022104F04DF9002800F02E814CF61B24E1
:109AE00044F25E369FEDA1AA40F2201B40F27018AE
:109AF00040F274199FEDA1DA9FED9EEA9FED9EFA68
:109B0000DFED9B8A0020C2F66B04C0F67956B0EEFA
:109B100002BAB2EE04CAC2F2000BC2F20008C2F2EC
:109B20000009B3EE099A0290F0EE48AAF0EE489AC6
:109B300000250020019006E03868022104F018F9A1
:109B4000002800F0F98001351FFA85FA0AFB04F0BD
:109B5000B04200F2AF8040F24050C2F2000000215B
:109B6000F9F70CFBA0B94C46C146D84640F2405B21
:109B7000C2F2000B5846F9F753FA02905846C34612
:109B8000C846A1464CF61B24C2F66B04F9F756FBF7
:109B90000298002200EE100AB8EE400A20EE0A0AEF
:109BA000DBF80000D8F8001030EE0B0A60EE0CBABB
:109BB00003F0C8FFD8F80000016869B101291ED080
:109BC00002295ED1D9F800000268032A40F08A8099
:109BD000012914D0002954D1D9F8000000210160D6
:109BE00040F2DC70C2F2000000680022816340F2A3
:109BF0000040C4F202000421FAF7CCFA41E0D9F89F
:109C000000000121016040F20040C4F20200042182
:109C10000122FAF7BFFAD9F80000D8F8001090ED49
:109C2000010A91ED011A20EE0E0A21EE0F1A30EE14
:109C3000010AF0EE490AB0EE481A80ED010A00F080
:109C40009FF8D9F8000090ED021A80ED010A30EE7D
:109C5000410A03A8FFF7B2F940F2DC71BDEEC00A79
:109C6000C2F2000110EE100A0968C830886391ED55
:109C70000E0AB8EE400A80EE0C0AD9F8000080ED1A
:109C8000030AD9F800003BEEEA0A80ED020A002040
:109C9000002111AA002304F05DFB01280AD19DEDEB
:109CA000110AB8EE400A8DEE000AD9F8000080EDE6
:109CB000040A00BF40F24D00C2F200000078BAFB77
:109CC000F0F101FB10A000287FF436AF40F2241021
:109CD000C2F200000068D9F800100022022303F04D
:109CE00097FD29E701990131019189B20B2916D815
:109CF0000221016040F2DC71C2F200010968002219
:109D00008A63C26040F20040C4F2020004210022D3
:109D1000FAF740FAF0EE489AF0EE48AAB1E789085F
:109D2000FC2902D879EEAB9AABE703210160002051
:109D300069EEA8AA0190A4E74FF0500080F31188C3
:109D4000BFF36F8FBFF34F8FFEE700BF0000C84225
:109D50000000B442000000000AD7A33C0000FAC390
:109D60000000FA4300000CC300803B44674053BA34
:109D70006F12833ACDCC4C3FCDCC4C3E002474497D
:109D8000B4EE410AF1EE10FAB4EE600AB8BFB0EEDC
:109D9000410AF1EE10FAC8BFB0EE600A7047000049
:109DA00080B582B0F8F7F8FF9FED110A362001F078
:109DB00069FC1B20009049F601604FF0000CC0F6D2
:109DC00000000CA14FF400720023CDF804C004F091
:109DD000F7F8012804BF02B080BD4FF0500080F3B7
:109DE0001188BFF36F8FBFF34F8F00BFFEE700BF37
:109DF00000000000564553435F5461736B00000040
:109E000040F6FC04C2F200040EA50CA60BE000BF55
:109E100048B205EB800090ED000A362001F050FCBE
:109E2000012003F0F3F82078411ECAB20C2AEFD3C8
:109E30000C28304688BF0430EDE700BF000000006A
:109E400000401C4600803B4500007A4500409C4590
:109E50000080BB4500C0DA450000FA4500A00C4672
:109E600000401C4600803B4600C05A4600007A462F
:109E700000A08C4680B5002144F20002C4F27A4171
:109E8000C4F21C6240F2000EC0E90011C0E90212E7
:109E9000C0E9042200220023C4F2FA4E4CF6CD4C55
:109EA000C4F2FA32C4F2C823C0E906EEC3F64C6C21
:109EB000C0E908E2C0E90A22C0E90C11C0E90E13AA
:109EC0004FF07C51C0E91033C0E912CCC0E914C195
:109ED000C0E9161180BD000090ED081AB0EEC02A4E
:109EE000B4EE412AF1EE10FABCBF9FED3E0A704776
:109EF00090ED094AB0EEE03A0821B4EE443A04226B
:109F000090ED071A90ED0C2AF1EE10FAC8BF14215B
:109F1000C8BF1022024492ED005AB4EE443A25EE36
:109F2000005A0246014425EE015AF1EE10FAC8BF6C
:109F30000C3292ED003A91ED004AB4EE425A002103
:109F4000F1EE10FAC16280ED0A5A02DD80ED0A2AB4
:109F500008E090ED0D2AB4EE425AF1EE10FAB8BFC7
:109F600080ED0A2A90ED0B5A23EE002A24EE003AE7
:109F700090ED064A33EE453A23EE043A90ED0E0A90
:109F800021EE031A35EE011AB4EE401AF1EE10FA82
:109F900080ED0B1A02DD80ED0B0A08E090ED0F0A50
:109FA000B4EE401AF1EE10FAB8BF80ED0B0A90ED56
:109FB0000A1A90ED100A32EE011A33EE011AB4EECD
:109FC000401AF1EE10FAC8BF704790ED112AB0EEBA
:109FD000410AB4EE421AF1EE10FAB8BFB0EE420AEE
:109FE000704700BF000000000021C0E90A1170475F
:109FF00080EC030A86EE830A86EE031A00F10C0158
:10A00000C1EC071A0021C0E90A11C0ED0C5A80ED1D
:10A010000D5AC0ED106A80ED116A80ED0E0A80EDD8
:10A020000F1A704710B582B040F6B400C2F20000BB
:10A030000168CA6842F01002CA6041F23C71C2F283
:10A0400000014022FCF77AFA0A204021002203F0A6
:10A050002FFB40F27C11C2F20001086028B30220FD
:10A0600040210022002403F023FB40F27811C2F2C9
:10A070000001086018B30B2000904AF22910C0F6C6
:10A08000000014A14FF400720023019403F098FF24
:10A09000012804BF02B010BD4FF0500080F31188BA
:10A0A000BFF36F8FBFF34F8FFEE74FF0500080F389
:10A0B0001188BFF36F8FBFF34F8F00BFFEE74FF0E4
:10A0C000500080F31188BFF36F8FBFF34F8F00BF35
:10A0D000FEE700BF5072696E745461736B0000003C
:10A0E00083B080B581B0844603A80EC040F68C10C2
:10A0F00003ABC2F20000402162460093F6F786F9F6
:10A1000001040CD082B240F6B40040F68C11C2F2C9
:10A110000000C2F200014FF47A73FCF729FA01B093
:10A12000BDE8804003B0704740F27C15C2F20005E4
:10A13000286840F64C11C2F200014FF0FF3203F0E4
:10A1400001FD01280FD140F64C14C2F2000400BFFB
:10A150002046FFF7C5FF286821464FF0FF3203F085
:10A16000F1FC0128F4D04FF0500080F31188BFF3C8
:10A170006F8FBFF34F8F00BFFEE7000000EE100AA5
:10A180009FED071AB8EEC00A9FED062A20EE010ADD
:10A1900080EE020A9FED041A80EE010A704700BFAC
:10A1A000CDCC4C3D0000D843CDCC18419FED061AD4
:10A1B0009FED072A20EE010A9FED041A20EE010A06
:10A1C00080EE020A704700BF0000D843CDCC184192
:10A1D000CDCC4C3D00EE100A9FED081AB8EEC00A37
:10A1E0009FED072A20EE010A80EE020A9FED051A74
:10A1F00030EE000A20EE010A704700BF000000396F
:10A200006C963E43DB0F494000EE100A9FED051AA5
:10A21000B8EEC00A80EE010A9FED031A80EE010A33
:10A22000704700BF6C963E43CDCC18419FED103A6D
:10A2300030EE600A9FED0C1A9FED0C2AB4EE430A33
:10A240009FED0C3A30EE011A30EE022AF1EE10FAD0
:10A25000B4EE430AC8BFB0EE420AF1EE10FAB8BF3E
:10A26000B0EE410A704700BFDB0FC940DB0FC9C029
:10A27000DB0F4940DB0F49C080B582B0182002F0E7
:10A2800031F940F28411C2F20001086018B338209D
:10A2900002F028F940F28C11C2F200010860D0B13E
:10A2A000182002F01FF940F28011C2F2000108608C
:10A2B00088B1202000904AF21D304FF0000CC0F60B
:10A2C00000000BA14FF400720023CDF804C003F08E
:10A2D00077FE012801D102B080BD4FF0500080F31D
:10A2E0001188BFF36F8FBFF34F8F00BFFEE700BF32
:10A2F00073746565725461736B000000B4EE410ABB
:10A30000F1EE10FAB4EE600AB8BFB0EE410AF1EE19
:10A3100010FAC8BFB0EE600A70470000ACB004206D
:10A32000182100224FF0000903F0C2F940F2D811C1
:10A33000C2F200010860F8F72FFD9FEDD99A9FED5A
:10A34000D9AA9FEDD9BA9FEDD9CAB7EE008A1EA847
:10A35000B0EE040AF3EE090AB0EE081AF0EE481A5D
:10A36000B0EE492AF0EE4B2AB0EE4C3AF0EE4A3A03
:10A37000B0EE4B4AF0EE4C4AFEF796FEB2EE040AFF
:10A380009FEDCB1A9FEDCB2ADFEDCB2A9FEDCB3A89
:10A39000DFEDCB3A9FEDCB4A11A8F0EE400AF0EE8C
:10A3A000491AFEF729FFDFEDC80A9FEDC81A03A876
:10A3B000B0EE4A0AF0EE481AB0EE492AF0EE4B2A07
:10A3C000B0EE4C3AF0EE483AB0EE4B4AF0EE4C4A62
:10A3D000FEF76AFE01208DF80B0069464FF400700D
:10A3E000CDE90099F8F7BEFC40F60010C2F200007B
:10A3F0000068022103F0BCFC002800F0F2819FED10
:10A40000B48A40F2881440F28015DFEDB29A40F22F
:10A410008C1640F2841B4CF6CD489FEDAABA9FEDF6
:10A42000A8CADFEDADAA40F24D0AC2F20004C2F2A2
:10A430000005C2F20006C2F2000BCCF6CC48B6EE24
:10A44000009ABEEE00AAB2EE03DABAEE03EAB0EE6C
:10A4500048FAF0EE488A6F46C2F2000A0BE000BFED
:10A4600040F60010C2F200000068022103F080FCF8
:10A47000002800F0B68120682968421C40F2D810FC
:10A48000C2F2000000682260002203F05BFB01289A
:10A4900030D12868C179012913D059BBB0F9041013
:10A4A000B0F9020000EE101AB8EEC00A316820EED2
:10A4B000290A81ED040AFFF761FE306880ED020A87
:10A4C00018E0B0F9041000EE101AB8EEC00A3168B6
:10A4D00020EE290A81ED0A0A0069FFF77BFE306849
:10A4E000296880ED060AB1F90200FFF78DFE306899
:10A4F00080ED080A40F24410C2F200000068DBF868
:10A500000010002203F01EFB206800FB08F0B0F1F1
:10A51000333F61D9DBF800000168002900F0DE80DC
:10A52000022940F09980316802220A6090ED030A06
:10A53000F0EE4D0AB0EE4E1AFFF7E0FE80EE290A6B
:10A54000BDEEC00A306810EE102A8168DBF800000A
:10A5500023684160110A8DF8001003FB08F1B1F186
:10A56000333F8DF8012000F2C68090ED020AF0EE34
:10A570004B0AB0EE4C1AFFF7C1FE3068D0ED060A68
:10A58000FFF754FE3068F0EE408A0068042809D0D6
:10A5900011A8B0EE680AF0EE480AFEF79DFD30689B
:10A5A00080ED070A306890ED070A90ED081A03A8BD
:10A5B00030EE410AFEF702FD306820EE291A80EDE8
:10A5C000091ABDEEC00A10EE100A010A8DF8021039
:10A5D0008DF803008FE000BFDBF800000268002A5E
:10A5E00000F0AD80012A0ED0032A93D131680B68A8
:10A5F000042B00F0CE80052B40F0AE80002A00F046
:10A600009E80012A86D1316801220A6090ED010AFC
:10A61000F0EE490AB0EE4A1AFFF770FE306890ED8E
:10A62000021A30EE410AFFF7C1FDDBF80000B0EE80
:10A6300040FA90ED021AF0EE4B0AB0EE410AB0EE8D
:10A640004C1AFFF75BFE3068D0ED060AFFF7EEFD0F
:10A65000F0EE408A5EE700BF3168096804293DD802
:10A66000206800FB08F0B0F1333F46D81EA8B0EEDA
:10A670004F0AFEF7A3FCDBF8000020EE291A80ED5C
:10A68000031ABDEEC00A10EE100A010A8DF8001080
:10A6900031688DF80100086804287FF479AF81E7FC
:10A6A0000AD7A33B0000FA44007014C60070144699
:10A6B000000048427CD920BF7CD9203F7CD9A03EF5
:10A6C000DB0F49C0DB0F494000606A4600409C45F3
:10A6D000000000006F12833ACDCC4C3D3168C0F8C9
:10A6E0000490C0F80C908A69CDF800908260C1F89F
:10A6F0001C90C1F82490CDF804904FF400703946B6
:10A70000F8F730FB20689AF80010B0FBF1F202FB7A
:10A71000110000287FF4A4AEDBF800003168D0E916
:10A720000123C0684A60C86040F24810C2F20000CD
:10A7300000684B610022022303F06AF890E61EA82D
:10A74000FEF7AEFC11A8FEF753FD03A8FEF7A8FC28
:10A750003068C0F80090DDE691ED020AB0EEC00A64
:10A76000B4EE6A0AF1EE10FA11DA91ED080AB0EED1
:10A77000C00AB4EE6A0AF1EE10FA08DAC0F80490E2
:10A78000C1F81C90C0F808900420086011E0042B68
:10A7900009D140F6DB72C3F64972C0F80490CA6171
:10A7A000C0F8089005E014A001F016F83068C0F871
:10A7B00000900020C4F202000821F9F7E5FC01280E
:10A7C0007FF4A8AE40F63870C2F2000000680DF1C8
:10A7D0000B010022002303F01BF830680521016003
:10A7E00098E64FF0500080F31188BFF36F8FBFF3EE
:10A7F0004F8F00BFFEE700BF4D5553542073746F59
:10A8000070206265666F7265207265736574746925
:10A810006E670000B4B00024062018210022CDE9A4
:10A82000324402F045FF40F2D811C2F2000107ADF8
:10A8300008602846ADF8C4403094CDE92E44CDE9F7
:10A840002C44CDE92A44CDE92844CDE92644CDE97C
:10A850002444ADF88C402294FFF70CFB0694CDE91C
:10A860000444F8F799FA40F2F840C2F2000030A927
:10A870000322F8F76DFD32AE4FF400703146F8F761
:10A8800071FA9FED938A9FED939A9FED93AA9FEDA6
:10A8900093BA1FAF482000F0AFFD291991ED000ACF
:10A8A000D1ED030A91ED061AD1ED091A91ED0C2AAA
:10A8B000D1ED0F2A91ED124AD1ED154AB0EE483A8A
:10A8C000F0EE493AB0EE4A5AF0EE4B5AB0EE4A6A10
:10A8D000F0EE4B6AFFF78CFB385104340C2CD9D1C5
:10A8E00040F60018C2F20008D8F80000022103F078
:10A8F0003FFA002800F0E88240F2B8149FEDE58AA4
:10A900009FEDE59A4CF6CD459FEDE4AA9FEDE4BAA4
:10A910009FEDE4CADFEDE48ADFEDE49ADFEDE4AA1F
:10A92000DFEDE4BA4FF0000AC2F200040DF1900B23
:10A93000CCF6CC45B8EE00DAB6EE00EAB0EE00FA9E
:10A940004FF00009002002900BE000BF022001F050
:10A950003FF8D8F80000022103F00AFA002800F0BE
:10A96000B38240F2D810029AC2F200000068216857
:10A9700001320292002203F0E5F801281FD120687D
:10A980000169494200EE101A40F29411C2F200012E
:10A99000B8EEC00A0968C27920EE080A01EB82010C
:10A9A00081ED070AB0F90200404200EE100AB8EE4D
:10A9B000C00A20EE090A0BEB820080ED000A029A21
:10A9C00002FB05F0B0F1333F00F24B82A2FB050120
:10A9D000C80800EB8000A2EB40000028144601905C
:10A9E00047D1BDF8C00040F2941400EE100AC2F244
:10A9F0000004B8EE400A216820EE0A0A91ED041A1C
:10AA000020EE0B0A21EE0C1ABDF8C22030EE010A2E
:10AA100081ED040A00EE102A91ED052A91ED063A27
:10AA2000B8EE400A20EE0A0A20EE0B0A22EE0C1ABB
:10AA3000BDF8C42031EE000A81ED050A00EE102AAF
:10AA4000B8EE400A20EE0A0A20EE0B0A23EE0C1A9A
:10AA500031EE000A01F1100081ED060A34310122C5
:10AA600000F06CFA2068029C34302AA9002200F021
:10AA700061FB40F24C1040F29018C2F20000C2F2AA
:10AA800000080068D8F80010002203F05BF840F2DC
:10AA90009410C2F20000D0F800C04FF0010EDCF8B4
:10AAA000002022AD072A05D1D8F80000006803284D
:10AAB00040F08680D8F80010062A086851D0032894
:10AAC0004FD10CF11003002400204F462AE000BFB4
:10AAD000000048420AD7233C0000FAC50000FA45AE
:10AAE0001E1996ED000A002630EE0D0AB0EEC00ADF
:10AAF000B4EE4E0AB0EE4F0AF1EE10FAB8BF0126DE
:10AB00000EFA00F527EA0509002E18BF47EA0509E5
:10AB10000F19043487ED010AC7F810A001300C2C7E
:10AB20004F4639D004AD2E59052A06F101062E51A3
:10AB3000D6D00BEB040595ED000A0025B0EEC00A57
:10AB4000B4EE680AF1EE10FA4FEAD606B8BF012556
:10AB50007C2E4FF0000688BF01262E40B0EE690A19
:10AB6000CEE7002848D0022849D0012866D145F612
:10AB70002940CCF28F2060434BF651024FEA70001F
:10AB8000C0F21E529042CCF800E057D8081D103198
:10AB9000012200F0D3F949E0052A25D15FFA89F0B6
:10ABA000029C072832AE1FAF22AD47D14FF00009FB
:10ABB0000620CDE90499CDF81890CCF800003DE0CE
:10ABC00047F6D500C2F2E960604348F637114FEA14
:10ABD000F000C0F24101884230D8C0A000F0FCFD76
:10ABE000C7A000F08DFF29E00520029CCCF80000F2
:10ABF00032AE1FAF22AD21E0CCF800A01EE045F63A
:10AC00002940CCF28F2060434BF651024FEA70008E
:10AC1000C0F21E5290424FF00200CCF800000DD856
:10AC200001F110000431012200F084FAD8F800008C
:10AC30002DA91030002200F07DFA00BFD8F80000E6
:10AC40000068002800F0C78040F29410C2F20000B3
:10AC500000680068062880F0BB8048F21F50C5F2EB
:10AC6000EB10A4FB000144F6D350C1F26200A4FB38
:10AC700000020809322100FB114B50094FF4FA7110
:10AC800000FB1140019F4FF01C0800244FF0000A08
:10AC9000009022E0ACC5A737FCF4323BCDCCCC3ED3
:10ACA000010CC03B9A99193FCDCCCC3D000000006F
:10ACB0006F12833A00002042285B010A3155214679
:10ACC00008F1040841F001010AF1010AB8F1280F66
:10ACD00004F10204705400F0AE8040F29410C2F20D
:10ACE000000001680868042812D140F2CC00C0F6C8
:10ACF0000100404410ED070A4FEA4A0180EE2A0A9B
:10AD0000BDEEC00A10EE100A020A28533255D7E7EA
:10AD1000BBF1000F27D0002F41D040F29410C2F2B7
:10AD20000000006801680529C6D0404490ED000A83
:10AD3000B4EE6B0AF1EE10FA02DD285F002807D4AA
:10AD4000B5EE400AF1EE10FAB6DA285F0128B3DB5F
:10AD5000009800284FF000002853ADD170A000F0FB
:10AD60003BFD019FA8E740F29012C2F20002126878
:10AD700041444244A2F11803072814BF0C39A2F140
:10AD80000C0393ED000A91ED001A27A830EE410A5A
:10AD900020EE0E0A404400ED070A002FBDD127A97E
:10ADA000414411ED070A24A91FA84144404451ED34
:10ADB000070A50F81C0C30EE600AFFF78DF8B1EE70
:10ADC000400A019FBDEEC00A10EE100A2853A4E706
:10ADD00007283FF442AF40F638740020C2F2000466
:10ADE00003AD039008E000BF039922A820F811A04A
:10ADF000481C022903901CDA57F82000FFF7F4F8EA
:10AE000040F29410C2F20000006800680628EBD1FE
:10AE1000206829460022002302F0FAFC40F2941038
:10AE2000C2F200000068039900EB8100C0F81CA08A
:10AE3000DAE7CDE932AA4FF400703146F7F792FF16
:10AE400040F6001840F2B8144CF6CD45C2F20008A6
:10AE50004FF0000AC2F200040DF1900BCCF6CC4585
:10AE60001FAF40F24D00C2F200000078029AB2FB20
:10AE7000F0F101FB102000287FF468AD40F2901043
:10AE800040F29411C2F20000C2F2000100680968A9
:10AE9000002200BF83185F688E1877601B69043238
:10AEA0000C2AB362F6D140F2501040F29411C2F273
:10AEB0000000C2F20001006809680022022302F0CB
:10AEC000A7FC32AE1FAF41E54FF0500080F3118870
:10AED000BFF36F8FBFF34F8FFEE700BF706C6561EC
:10AEE0007365205245534554206265666F72652034
:10AEF000636F6E74726F6C2074797065320D0A0026
:10AF0000706C6561736520524553455420626566D7
:10AF10006F726520636F6E74726F6C0D0A000000B3
:10AF20006D6F746F7220646973706C616365206FFC
:10AF3000766572206C696D69740D0A002DE9F04F19
:10AF400081B02DED028B90ED000A90ED011A90ED8D
:10AF5000022A0C46054640F2BC1040F2C01140F2F5
:10AF6000C41740F2C81340F2A81940F2AC1830EEF2
:10AF7000410A31EE421A012AC2F20000C2F2000177
:10AF8000C2F20007C2F20003C2F20009C2F20008D6
:10AF90000DD022BB9FED646A9FED602A9FED5C3A65
:10AFA0009FED5F4A9FED5F5AB0EE467A0BE09FED52
:10AFB000552A9FED553A9FED554A9FED555A9FED05
:10AFC000557A9FED556A80ED006A81ED007A87ED34
:10AFD000005A83ED004A89ED003A88ED002A97ED8A
:10AFE000002A93ED003A21EE024A20EE035A34EE95
:10AFF000454A91ED005A90ED006A20EE050A21EED7
:10B00000061A40F2A01730EE410AC2F2000723EE02
:10B01000061A22EE052A40F2A41A87ED000A32EE43
:10B02000411AC2F2000A24EE042A20EE000A8AED38
:10B03000001A32EE000A21EE011A40F29C1B31EE9A
:10B04000008AC2F2000BB0EE480A8BED004A04F011
:10B050003BFAB4EE400AF1EE10FA4ED69BED001A20
:10B0600040F2981681EE001AC2F2000686ED000A40
:10B07000B0EE410A04F06CF897ED001A96ED002A44
:10B0800040F2B41681EE021AC2F2000686ED000A02
:10B09000B0EE410A04F05CF840F2B0109FED231AC4
:10B0A000C2F2000080ED000A30EE010A84ED000AD1
:10B0B0009BED000A99ED001A97ED002A98ED003AF1
:10B0C00020EE010A22EE031A9AED002A30EE010A60
:10B0D00080EE020A96ED001A9FED152A32EE411A13
:10B0E00084ED011A95ED011A31EE400A84ED020A51
:10B0F000BDEC028B01B0BDE8F08FB0EE480A04F061
:10B10000E3F9ABE700000C420000D2421F859742F2
:10B1100000000000CDCC9242000052C300009C42CF
:10B12000B8DE0843B8DE08C3295CC9C2DB0FC9BF5B
:10B13000DB0FC93F2DE9F0412DED108B90ED000A9A
:10B14000DFED7B0A9FED7B1A154606460C4600F0A4
:10B150003DF996ED012ADFED780A9FED781AB0EE01
:10B16000408AB0EE420A00F031F996ED022A9FEDD6
:10B17000741AB0EE409AF3EE090AB0EE420A00F0FB
:10B1800025F9012DB0EE40AA68D0002D40F0CC800A
:10B1900040F2B010C0F60100051F40F2A410C0F646
:10B1A00001009FED67BA061F271F0324B7EE00EAD0
:10B1B000B3EE09CA96ED01DAB0EE490A04F0BCF824
:10B1C00095ED01FA2DEE00DAB0EE480A04F0B4F87D
:10B1D0002FEE000A3DEE40FAB0EE480A04F0ACF85B
:10B1E000B0EE40DAB0EE480A04F0A6F82DEE000A00
:10B1F0007EEE408AB0EE490A04F09EF8B0EE40DAE6
:10B20000B0EE490A04F098F82DEE000A38EEC0DAE4
:10B21000B0EE4D0A04F058F9B4EE400AF1EE10FA1F
:10B2200017D68FEE000AF0EE4C0AB0EE4B1A07F17B
:10B2300004083AEE000A87ED010A00F0C7F887ED2E
:10B24000010A013C05F1040506F104064746B1D1A7
:10B250006AE0B0EE4D0A04F037F9E2E740F2C810B8
:10B26000C0F60100051F40F2BC10C0F601009FEDC2
:10B2700034BA061F271F0324B7EE00EAB3EE09CA4B
:10B2800096ED01DAB0EE490A04F056F895ED01FAB0
:10B290002DEE00DAB0EE480A04F04EF82FEE000A68
:10B2A0003DEE40FAB0EE480A04F046F8B0EE40DA5F
:10B2B000B0EE480A04F040F82DEE000A7EEE408A17
:10B2C000B0EE490A04F038F8B0EE40DAB0EE490AC0
:10B2D00004F032F82DEE000A38EEC0DAB0EE4D0A76
:10B2E00004F0F2F8B4EE400AF1EE10FA17D68FEE41
:10B2F000000AF0EE4C0AB0EE4B1A07F104083AEEE1
:10B30000000A87ED010A00F061F887ED010A013CAF
:10B3100005F1040506F104064746B1D104E0B0EE9C
:10B320004D0A04F0D1F8E2E7BDEC108BBDE8F081E6
:10B330009A99193E9A9919BE8FC2753D8FC275BDF3
:10B340000AD7233C80B582B0282001F0CBF840F228
:10B350009011C2F20001086028B3482001F0C2F841
:10B3600040F29411C2F200010860E0B107210160CF
:10B37000182001F0B7F840F2B811C2F200010860DD
:10B3800088B1202000904AF615004FF0000CC0F65E
:10B3900000000BA14FF400720023CDF804C002F0AE
:10B3A0000FFE012801D102B080BD4FF0500080F3A4
:10B3B0001188BFF36F8FBFF34F8F00BFFEE700BF51
:10B3C0006D6F74696F6E5461736B0000B4EE410A67
:10B3D000F1EE10FAB4EE600AB8BFB0EE410AF1EE39
:10B3E00010FAC8BFB0EE600A704740F2D010C2F247
:10B3F000000000687047000010B50446002808BF30
:10B40000012400BF2046F5F7E8FC002818BF10BD56
:10B41000FFF7EBFF08B18047F4E7002010BD000004
:10B42000002848BF704700F01F01012202FA01F115
:10B430004EF200124009CEF2000242F8201070478E
:10B440004EF60C50CEF200000068C0F302207047A8
:10B450004EF6145300F00F02CEF2000309011A4415
:10B4600000F16043B0F1FF3FC8BF03F564421170C3
:10B47000704700004EF61F50CEF200000021017010
:10B48000704700004EF60C51CEF200010A684FF6EC
:10B49000FF031A4060F30A2242F0806040F0FD7022
:10B4A0000860704710B540F2CC04C2F2000440F2CC
:10B4B0003071C2F2000120465422F5F7C7FB204646
:10B4C000A02102226423F8F739FFB0FA80F0400986
:10B4D00010BD0000B0B584B040F2D415C2F2000532
:10B4E0002C78002C4FF0000416D103460120287060
:10B4F00090B2CDE9001040F2CC004FF0640CC2F2E3
:10B500000000A0211A460123CDF808C0F8F7DEFF9D
:10B51000B0FA80F02C704409204604B0B0BD0000A1
:10B520002DE9F04F85B0984640F2D413C2F20003E3
:10B5300015461A781AB1002005B0BDE8F08F07460D
:10B5400001200E461870F8F72BFE64244FF0000A15
:10B55000049000BF07F00700C0F1080B40F2CC00D8
:10B560005D4538BFAB461FFA8BF9BAB2C2F2000094
:10B57000A0210123CDE900690294F9F7B5F868B973
:10B580000A2000F025FAB5EB090509D05F444E44C6
:10B59000F8F706FE0499401A4045DBD3002000E08E
:10B5A000012040F2D411C2F2000181F800A005B0E0
:10B5B000BDE8F08F80B5D2F800E04FEA116C0EF1D3
:10B5C0000103136000F80EC0D2F800E04FEA114CFE
:10B5D0000EF10103136000F80EC0D2F800E04FEA4C
:10B5E000112C0EF10103136000F80EC0D2F800C058
:10B5F0000CF10103136000F80C1080BD082882BF15
:10B60000FF2040B2704770B50446400100F10806C3
:10B6100006F5807528461021FCF7DAFA2846FCF773
:10B6200069FA0028FAD106F500701F21FCF7D0FA5C
:10B6300041F27C7141F27E73C2F20001C2F200035A
:10B6400001200A881D88A040824325EA0000188056
:10B6500041F288700A80C2F20000002120F8141024
:10B6600041F28070C2F20000015506F5407400BF3F
:10B670002046FCF73FFA0028FAD10120BDE87040CF
:10B6800040B27047B0B582B09FED0C1A044600205E
:10B6900020EE010A0190BDEEC00A6D4610EE101AB0
:10B6A00001AA2846FFF786FF9DF8042004F5807064
:10B6B0002946FDF78BF902B0B0BD00BF00007A4407
:10B6C000B0B582B004460020B1EE400A0190BDEE54
:10B6D000C00A6D4610EE101A01AA2846FFF76AFF4D
:10B6E0009DF8042004F540702946FDF76FF902B07B
:10B6F000B0BD000010B5052809D80C46DFE800F001
:10B70000030A0E13171B204601F0B8FE16E0FF20B7
:10B7100040B210BD204601F05BFE0FE0207801F042
:10B72000E9FE40B210BD01F08FFE207006E0204619
:10B7300001F0F4FE02E0204601F08CFE002040B251
:10B7400010BD000070B5082802D9FF2040B270BDBE
:10B750000446400100F108052846FCF7CBF900F04B
:10B760000F0001281FD105F5807630460821FCF72F
:10B770002FFA00BF3046FCF7BDF90028FAD141F29C
:10B780007E7141F27C72C2F20001C2F2000201201D
:10B7900012880B88A040104223EA0000088005D0E0
:10B7A000002040B270BDFB2040B270BD05F5407670
:10B7B00005F500753046FCF79DF950B12846FCF7B9
:10B7C00099F90007F6D52046FFF718FFF32040B29D
:10B7D00070BD012040B270BD80B540F2E031C2F2D0
:10B7E000000109680246084611464FF0FF32002367
:10B7F00002F00EF8002818BF80BD4FF0500080F313
:10B800001188BFF36F8FBFF34F8F00BFFEE70000BB
:10B810002DE9F0414001083000F5185800F51C559D
:10B82000002704E0B8B2844208BFBDE8F08140467A
:10B83000FCF760F906462846FCF75CF940EA062466
:10B84000002CEFD04046FCF755F906462846FCF799
:10B8500051F940EA0627E5E72DE9F04142F20801F7
:10B8600041EA401808F58075002704E0B8B2844228
:10B8700008BFBDE8F0814046FCF73CF90646284683
:10B88000FCF738F940EA0624002CEFD04046FCF7DC
:10B8900031F906462846FCF72DF940EA0627E5E788
:10B8A00080B5B0F800E0A0F808E00A8812BA4FEAC4
:10B8B000124CA0F800C04B881BBA1B0C43808B882D
:10B8C0001BBA1B0C83808B79CEEB1241B1F5805FE4
:10B8D000837102DD4FF0FF3103E011F5805F03DA81
:10B8E0000121C2681144C160C16842890CEB413139
:10B8F000891A016180BD0000098809BA090C01801C
:10B900004181704770B5082802D9FF2040B270BD50
:10B910000446400100F108063046FCF7EBF800F061
:10B920000F00012819D106F540752846FCF7E2F80A
:10B93000132815D106F5807630460221FCF748F928
:10B940003046FCF7D7F80028FAD12846FCF7D2F8A1
:10B95000142808D1012040B270BDFB2040B270BD58
:10B96000FD2040B270BD2046FFF748FEFC2040B2EB
:10B9700070BD0000F8F796FFFCF7D6FFFDF776F9EB
:10B98000FDF79AF8FDF7CCF8FDF71CF9FDF750F933
:10B99000FDF700FAFDF71EFAFDF73EFAFDF7B6FADD
:10B9A000FDF7F0FA00F024F848F28D1040F264122E
:10B9B000C0F60000C0F60102002100F047F840F296
:10B9C000E441C2F20001086000F026F8FEE7000042
:10B9D000EFF3058100291CBF6FF0050070470028B8
:10B9E00004BF0020704780B501F010FB002080BD2F
:10B9F000EFF3058000281CBF6FF00500704740F290
:10BA0000C000C2F200000168002911BF4FF0FF30F2
:10BA1000012101600020704710B5EFF30580002878
:10BA20001CBF6FF0050010BD40F2C004C2F200045C
:10BA3000206801281CBF4FF0FF3010BDFBF762FAF1
:10BA40000220206001F0AEFB002010BD70B584B074
:10BA50008E46002100280391EFF305814DD0002987
:10BA60004BD1F2B19369002B08BF1823382B15D89E
:10BA70001179C90712D15569946811684FEA950C7C
:10BA8000002D08BF4FF0800C9CB1D6685C2E0FD300
:10BA900075B1156965B1012484B922E0002004B0B4
:10BAA00070BD002118234FF0800C002434B918E039
:10BAB0000CB9D46874B14FF0FF3494B1012C1CD18F
:10BAC00094681269CDE9003262467346029402F02E
:10BAD000ABFA11E01469002C18BF4FF0FF34002CB2
:10BAE000ECD103AC00931FFA8CF27346019402F080
:10BAF00067FA012801D000200390039804B070BDBC
:10BB000080B540F27C11C2F2000109680246084685
:10BB100011464FF0FF32002301F07AFE002818BFD3
:10BB200080BD4FF0500080F31188BFF36F8FBFF3DB
:10BB30004F8F00BFFEE70000F0B581B00D4647F221
:10BB4000807140F6C026C2F20001C2F200060F6802
:10BB500031680446081D01F0DFF8601C0AD14DB1C0
:10BB60003068011D47F25870C2F2000001F032F94E
:10BB700001B0F0BD3068E41944600AD340F6D0202B
:10BB8000C2F2000000683168043101F005F901B02B
:10BB9000F0BD40F6C820C2F20000006831680431F0
:10BBA00001F0FAF847F2E460C2F2000001688C424A
:10BBB00038BF046001B0F0BD70B5044601F022F951
:10BBC00046F6B470C2F20000016840F6C0250131AB
:10BBD0000160C2F20005296847F24C76C2F2000605
:10BBE00041B1306860B92868E16AC06A884298BF8C
:10BBF0002C6005E02C600068012801D100F0DEF91E
:10BC000046F6C070C2F20000016801310160616453
:10BC100046F6C471C2F20001E06A0A68904288BF29
:10BC2000086040F6D82100EB8000C2F2000101EB71
:10BC30008000211D01F0CEF801F008F9306880B1D4
:10BC40002868E16AC06A884228BF70BD4EF6045079
:10BC5000CEF200004FF080510160BFF34F8FBFF371
:10BC60006F8F70BD70B582B001F0CCF847F284766A
:10BC7000C2F20006306850BB47F28064C2F2000492
:10BC8000204601F079F847F29465C2F20005284693
:10BC900001F072F840F6C420C2F20000046040F6E1
:10BCA000D420C2F2000040F6CC1240F66C230560AE
:10BCB0000025C2F20002C2F200030A201021009502
:10BCC00001F01AFD306010B103A101F069F901F033
:10BCD000BDF802B070BD00BF546D7251000000008D
:10BCE000F0B581B046F6B875C2F200052868E0B13B
:10BCF00047F26C7646F6B477C2F20006C2F200074D
:10BD000001F080F8F068C468201D01F005F838687B
:10BD10000138386028680138286001F097F820461B
:10BD200000F058F828680028EAD101B0F0BD000002
:10BD300080B5026C002A08BF80BDD0E902C313445D
:10BD4000C360634524BF0368C360C36808461946DF
:10BD5000F4F737FF80BD000070B5866B036C0446B6
:10BD6000E3B115461AB3E0681A46F4F72AFFE16812
:10BD7000206C2268091A9142E16003D2A168404216
:10BD80000844E060A81EB0FA80F040093146002E59
:10BD900018BF01210840361A002516E0206800254A
:10BDA00098B9A06802F01EFBA56005460DE060682A
:10BDB0001A46F4F706FF216CD4E901020025084475
:10BDC0006060904224BF20686060711C2846A163B7
:10BDD00070BD000010B5044690F85900022808BF55
:10BDE00010BD012803D030B9206B01F047F8204680
:10BDF00001F044F810BD4FF0500080F31188BFF3FC
:10BE00006F8FBFF34F8F00BFFEE70000416A00292C
:10BE10000FBF0020006B0068C0F1380070470000C1
:10BE200040F6C421C2F2000109680A68B2FA82F33E
:10BE30005B090360002A0EBF0020C86800687047D5
:10BE400041F6A870C2F20000C21D22F0070210F0F5
:10BE5000070CA0EB020318BF104647F25072C2F263
:10BE600000020021C2E900014FF4A042BCF1000F22
:10BE700018BF03F5A0420244083A40F6CC2322F052
:10BE80000702C2F200031A60C2E90011111A1A680F
:10BE9000C0E9002147F2DC60C2F20000016047F215
:10BEA000D460C2F20000016047F2A860C2F2000054
:10BEB000012101707047000040F6D8244EF6045569
:10BEC000C2F20004CEF200054FF08056FFF708FFE3
:10BED00020680228FAD32E60BFF34F8FBFF36F8F15
:10BEE000F4E70000002808BF704780B5002101601A
:10BEF000C0E9021100210022002301F089FCBDE805
:10BF000080407047B0B5049D002914BF2A602D60A1
:10BF1000C5E90F01284601211C4601F039FC85F8CE
:10BF20004C40B0BD2DE9F0470A9C8246206B164676
:10BF30000F46DDE908599100A5229846F4F7B8FEAE
:10BF4000206B00EB8600A0F1040020F007067FB113
:10BF500004F13400002100BF7A5C42547A5C1AB1CB
:10BF60000F2901F10101F7D3002084F8430002E01A
:10BF7000002084F834000027201D372D28BF3725E6
:10BF8000E562C4E9135700F003FF04F1180000F064
:10BF9000FFFEC5F13800A06130465146424624619B
:10BFA0006462676584F8587000F044FBB9F1000FD3
:10BFB000206018BFC9F80040BDE8F087B0B540F672
:10BFC000D8250024C2F20005281900F0D5FE14344B
:10BFD000B4F58C6FF8D147F2AC64C2F2000420468D
:10BFE00000F0CAFE47F2C065C2F20005284600F024
:10BFF000C3FE47F2F860C2F2000000F0BDFE47F257
:10C000006C70C2F2000000F0B7FE47F25870C2F246
:10C01000000000F0B1FE40F6C820C2F2000004604B
:10C0200040F6D020C2F200000560B0BD80B547F2F6
:10C030005072C2F2000200BF114612688242FBD366
:10C04000D1F804C001EB0C03834203D14068604483
:10C0500048600846D0F804E000EB0E03934201D09C
:10C06000026010E040F6CC23C2F20003D3F800C017
:10C07000624506D00B6852681B687244C0E9003202
:10C0800001E0C0F800C0814218BF086080BD000018
:10C0900080B58C46014641F804CF9445006108D92B
:10C0A0009A4201D29C4511D240F6C420C2F200004F
:10C0B00007E08069D21A824208D240F6D420C2F248
:10C0C0000000006800F068FE002080BD012080BDF7
:10C0D00010B5044600F096FEA06BB0FA80F044095B
:10C0E00000F0B4FE204610BD10B5044600F08AFEF4
:10C0F000A06BE16B401AB0FA80F0440900F0A6FE94
:10C10000204610BD08480068006880F308884FF09A
:10C11000000080F3148862B661B6BFF34F8FBFF39F
:10C120006F8F00DF00BF00BF08ED00E070B582B088
:10C1300040F6C422C2F2000212680546D2680E46DA
:10C14000D468201D00F0E8FD94F82800410704D4CD
:10C1500000F0FE0084F8280010E0A0693246411982
:10C1600020462B46FFF794FF40B1002620460021D1
:10C170002A460023009602F0DBFA20B1216A20460D
:10C18000884702B070BD4FF0500080F31188BFF3B4
:10C190006F8FBFF34F8F00BFFEE700002DE9F04126
:10C1A00086B047F28477C2F20007386802A90022FD
:10C1B0004FF0000801F0C6FC00286AD001AC02ADC7
:10C1C0000BE000F0FE0086F8280000BF3868294622
:10C1D000002201F0B7FC00285BD00298B0F1FF3FCD
:10C1E00003DCDDE903200599904702980028EDD48F
:10C1F000049E706910B1301D00F08EFD204600F0E5
:10C20000B3F802990929E1D80246DFE801F00808ED
:10C2100008052A390808052A96F82800D1E796F873
:10C220002800039BB16940F0010086F828001944FA
:10C230003046FFF72DFF0028C8D0316A30468847C6
:10C2400096F828004007C1D50398B16900230A1861
:10C2500030460021CDF8008002F06AFA0028B5D1FE
:10C2600023E096F8280040F00101039886F8281092
:10C27000B06188B1811830461346FFF709FFA5E782
:10C2800096F8280081073FF59CAF304600F0F6FD98
:10C290009CE706B0BDE8F0814FF0500080F31188B4
:10C2A000BFF36F8FBFF34F8FFEE74FF0500080F367
:10C2B0001188BFF36F8FBFF34F8F00BFFEE7000001
:10C2C00070B582B00E46044600F0C0FF01A800F031
:10C2D0004BF8019919B102F061F902B070BD054641
:10C2E0004EB9A54207D302F059F920462946FFF777
:10C2F0001DFF02B070BD4EB140F6D420C2F2000066
:10C3000000680068B0FA80F0420900E0002247F2BD
:10C310008470C2F200000068611B00F055FE02F05C
:10C320003DF90028D9D14EF60450CEF200004FF06E
:10C3300080510160BFF34F8FBFF36F8F02B070BDAC
:10C3400040F6C820C2F200000168096821B1006807
:10C35000C068C068406801E04FF0FF3047F2E46118
:10C36000C2F200010860704770B5044601F042FF58
:10C3700040F6BC26C2F2000631680546884203D268
:10C3800000F008F8012000E0002020602846356019
:10C3900070BD00002DE9F04182B040F6C427C2F222
:10C3A00000073868016891B34FF0000809E000BF4A
:10C3B000606038682946246100F0EEFC3868016846
:10C3C00029B3C068C4680668251D284600F0A4FC8F
:10C3D000216A2046884794F828004007EED5A069D6
:10C3E0003044B042E4D82046002132460023CDF844
:10C3F000008002F09DF90028E0D14FF0500080F35A
:10C400001188BFF36F8FBFF34F8F00BFFEE740F679
:10C41000D421C2F200010A6808603A6002B0BDE8A7
:10C42000F081000081B00020009040F25800C2F27C
:10C43000000000684FF0500181F31188BFF36F8F47
:10C44000BFF34F8F013001D0FEE700BF00980028F6
:10C45000FCD001B07047000082B001AC2046FFF76D
:10C46000DFFC0199FFF72CFFFFF798FEF6E70000CD
:10C47000F0B581B0044600F0C5FC94F94560012E8A
:10C480000FDB04F1240500BF286850B1284602F0F4
:10C490003DF8002818BF00F0F1FD70B2013E012800
:10C4A000F2DCFF2684F8456000F0D0FC00F0AAFC26
:10C4B00094F94470012F0EDB04F11005286850B187
:10C4C000284602F023F8002818BF00F0D7FD78B204
:10C4D000013F0128F2DC84F8446000F0B7FC01B0B1
:10C4E000F0BD00002DE9F047044600F0AFFE40F635
:10C4F000CC2AC2F2000ADAF80000002808BFFFF7D1
:10C500009FFC47F2A860C2F200000578002D18BF1A
:10C510004FF0004525420ED0002402F03FF860079E
:10C5200035D04FF0500080F31188BFF36F8FBFF309
:10C530004F8F00BFFEE74CB1083414F007001EBF58
:10C54000201A00F108045FEA447023D147F2D4684E
:10C55000C2F20008D8F80090601E4845DCD247F2CD
:10C560005070C2F200000668374657F8041FA14217
:10C570001DD23068B8B100BF30463668374657F82C
:10C58000041FA14213D23268002AF5D10FE02046E1
:10C59000BDE8F0874FF0500080F31188BFF36F8F34
:10C5A000BFF34F8FFEE747F25070C2F20000DAF897
:10C5B00000209642B0D0D0F800A03268091B1129A3
:10C5C000026010D33019420709D04FF0500080F3B9
:10C5D0001188BFF36F8FBFF34F8F00BFFEE741603D
:10C5E0003C60FFF723FD47F2DC613868C2F20001CE
:10C5F0000B68A9EB00029A42C8F8002038BF0A6015
:10C600000021316047F2EC61C2F200010A68284360
:10C610000AF108043860501C08607EE740F6C0202C
:10C62000C2F20000016819B101680A6D01320A65A1
:10C630000068704703464CF22540C0F600004FF0FA
:10C64000807C21F0010103E903106FF0020043F840
:10C65000240CA3F1440043F8202C70472DE9F04F3F
:10C6600081B0082802D94FF0FF3670E0044640013F
:10C6700000F1080A504693460D46FBF73BFA00F0DE
:10C680000F00012839D1BBF1000F39D00AF5F05065
:10C690000095FBF72FFA00F03F01BBEB812F88BF1D
:10C6A0004FEA802B01200AF540770AF5F85900FA85
:10C6B00004F800E03DBB2046FFF7AAF805463846DF
:10C6C000FBF718FA17280CD01C2835D1DDB9204605
:10C6D000FFF7C2F806464846FBF70CFAB6EB802F88
:10C6E00030D0002DE6D141F27C70C2F2000000880B
:10C6F00010EA0800DED0002629E06FF0040626E0EC
:10C700006FF00D0623E01FFA8BF0854238BFAB4671
:10C710001FFA8BF600992046324600F0F5FD0AF527
:10C72000807420464021FBF753FA00BF2046FBF7F8
:10C73000E1F90028FAD10AE02046FEF75FFF6FF02A
:10C74000060604E02046FEF759FF6FF00606304665
:10C7500001B0BDE8F08F00000028024618BF01229A
:10C7600000290B4618BF01231A404DF2CD32C0F606
:10C77000000218BF02464DF2C930C0F6000018BFD3
:10C78000084640F20801C2F20001C1E905207047E5
:10C7900040F2080CC2F2000CBCF800309B0500D43B
:10C7A000FEE7002803460A4618BF0123002918BFE8
:10C7B00001221A404DF24552C0F6000218BF02464F
:10C7C0004DF24D50C0F6000018BF0846CCE90720D6
:10C7D0007047000040F2080CC2F2000CBCF80030B8
:10C7E0009B0500D4FEE7002803460A4618BF012334
:10C7F000002918BF01221A404DF24152C0F6000232
:10C8000018BF02464DF24950C0F6000018BF084656
:10C81000CCE9092070470000018841810021C0E96E
:10C82000031170472DE9F04F81B0082802D94FF06D
:10C83000FF378EE00446400100F108052846174600
:10C840008846FBF757F900F00F00012822D127B3E3
:10C8500005F540794846FBF74DF91C2801D017280B
:10C860001ED141F27E7AC2F2000ABAF8000001211C
:10C8700001FA04FB1BEA000F1FD005F500763046D5
:10C88000FBF738F9C1060ED400F01F0000075BD497
:10C8900000275EE06FF004075BE06FF00D0758E0E3
:10C8A0006FF0060755E030461021FBF791F9BAF812
:10C8B000000020EA0B00AAF8000005F5F850FBF78D
:10C8C00019F900F03F01B7EB812F88BF870241F2D1
:10C8D0007C7AC2F2000ABFB202E000BFB74213D9AD
:10C8E0002046FEF7B9FF06464846FBF703F917282E
:10C8F00018BF1C2822D1B742F0D9BAF8000010EABC
:10C900000B00EBD0002724E0204641463A4600F0D9
:10C9100027FD05F5807420462021FBF759F900BF5B
:10C920002046FBF7E7F80028FAD141F27E71C2F207
:10C930000001088840EA0B0008800AE02046FEF764
:10C940005DFE6FF0060704E02046FEF757FE6FF02D
:10C950000C07384601B0BDE8F08F0000B0B50828DC
:10C9600002D9FF2040B2B0BD013906290CD81446C7
:10C97000DFE801F0040D131F2834460040010830A1
:10C98000217800F5B05048E0F62040B2B0BD40013B
:10C990000830217800F5A8503FE0400100F108057B
:10C9A000617805F59050FBF713F9217805F598505B
:10C9B00033E04001083000F5406021460422FBF7D7
:10C9C00039F92CE0400100F10805617805F5805047
:10C9D000FBF7FEF8217805F588501EE0400100F1D4
:10C9E00008042046FBF786F800F00F00012819D153
:10C9F00004F53C50FBF77EF8B8B1FE2040B2B0BD64
:10CA0000400100F108052846FBF774F800F00F001C
:10CA1000012807D1217805F53C50FBF7D9F8012012
:10CA200040B2B0BDFB2040B2B0BD04F580752846D1
:10CA30002221FBF7CDF804F500742846FBF75AF8DD
:10CA40000028ECD02046FBF755F80007F5D5204626
:10CA50000821FBF7BDF8F32040B2B0BD2DE9F0414D
:10CA600082B0082801D9FF208CE00446881E1D46AC
:10CA700016460F4603280BD2680716D41DB3022FA3
:10CA800017D0012F1FD115F0210F1CD1FA2079E00A
:10CA9000012F0CD101A94FF470600422FBF75CF860
:10CAA00001980028E8D1FD206CE0FA206AE0FB2024
:10CAB00068E005F0A00020284FF0FA0062D005F0F1
:10CAC000900110295ED02046FEF798FD600100F12C
:10CAD000080805F0F00040EA07014046FBF778F847
:10CAE0000EB1310A10E040F24E00C2F2000006889A
:10CAF0004FF6F077721C93B2310ABB4204BF4CF27E
:10CB00000002CFF6FF72028008F58060FBF760F844
:10CB100008F5A060F1B2FBF75BF808F580763046C7
:10CB20000121FBF755F800BF3046FAF7E3FF002874
:10CB3000FAD141F27C71C2F2000101200A88A040C2
:10CB400005F001038243A3401A4341F27E73C2F20F
:10CB500000031F880A8027EA0000188041F28870CD
:10CB6000C2F20000002120F8141041F28070C2F2DD
:10CB7000000008F5407501552846FAF7BBFF00286C
:10CB8000FAD0204640B202B0BDE8F08170B540F264
:10CB900084740D460646C2F2000400BF2046F8F732
:10CBA00003FA01280DD0E06CF7F7BCF8012808D093
:10CBB000A06CF7F7B7F8012803D00120FEF708FFB3
:10CBC000ECE7204631462A46F8F7D6FAE06CF7F74C
:10CBD000A9F80228FAD0E06CF7F7A4F80028F5D0FD
:10CBE000A06CF7F79FF80228FAD0A06CF7F79AF834
:10CBF000002818BF70BDF3E710B582B000208DF893
:10CC00000700FF208DF8060040F28470C2F2000099
:10CC1000F8F7CAF901280BD040F28474C2F200047C
:10CC20000120FEF7D5FE2046F8F7BEF90128F7D11E
:10CC300040F284700A24C2F200000DF106010DF1E9
:10CC4000070201230094F8F70FFB9DF8070002B0DC
:10CC500010BD000070B540F284740D460646C2F265
:10CC6000000400BF2046F8F79FF901280DD0E06CC2
:10CC7000F7F758F8012808D0A06CF7F753F8012807
:10CC800003D00120FEF7A4FEECE7204631462A46F9
:10CC9000F8F76AFCE06CF7F745F80228FAD0E06C88
:10CCA000F7F740F80028F5D0A06CF7F73BF802281A
:10CCB000FAD0A06CF7F736F8002818BF70BDF3E77C
:10CCC00010B582B08DF8070000208DF8060040F204
:10CCD0008470C2F20000F8F767F901280CD040F226
:10CCE0008474C2F2000400BF0120FEF771FE2046EA
:10CCF000F8F75AF90128F7D140F284700A24C2F2F9
:10CD000000000DF107010DF1060201230094F8F770
:10CD1000ABFA02B010BD0000D0E9012301699360B5
:10CD20004B68D0F808C08342CCF8042001D1826857
:10CD30004A6000220261086801380860086870478C
:10CD400047F2C813C2F20003036046F6C870C2F28D
:10CD500000000860802010607047000047F22463E4
:10CD6000C2F20003036047F22420C2F20000086010
:10CD70004FF48070106070474FF0FF31024642F868
:10CD8000081F00214260C0E90322016070470000D3
:10CD9000002101617047000080B5D1F800C01CF18E
:10CDA000010207D000F108039E465B681A686245DD
:10CDB000FAD901E0D0F810E0DEF8042008614A60FA
:10CDC0009160C1F808E0CEF80410016801310160FB
:10CDD00080BD0000D0F800C0436808619A684B60CD
:10CDE0008A609A68996051600CF101010160704796
:10CDF000DFF80C00016841F470010160704700BF6A
:10CE000088ED00E04FF0500080F31188BFF36F8F82
:10CE1000BFF34F8F40F25800C2F2000001684A1C75
:10CE2000026001B170474EF60450CEF20000006877
:10CE3000000608BF70474FF0500080F31188BFF321
:10CE40006F8FBFF34F8F00BFFEE7000040F2580026
:10CE5000C2F20000016839B10139016018BF7047A2
:10CE6000002080F3118870474FF0500080F3118844
:10CE7000BFF36F8FBFF34F8FFEE70000B0B5002800
:10CE800008BFB0BD044647F2A860C2F200000078B7
:10CE900054F8041C002818BF4FF0004008420CD082
:10CEA000A4F108052A6892B14FF0500080F3118870
:10CEB000BFF36F8FBFF34F8FFEE74FF0500080F34B
:10CEC0001188BFF36F8FBFF34F8F00BFFEE721EADA
:10CED000000044F8040C00F0B9F947F2D461C2F242
:10CEE000000154F8040C0A68104408602846FFF753
:10CEF0009DF847F2F060C2F2000001680131016064
:10CF000001F04CFBB0BD00004EF21000CEF200006C
:10CF100000210160816040F20401C2F20001096851
:10CF200044F6D352C1F26202A1FB02124FF0FF316C
:10CF300001EB92114160072101607047EFF305801A
:10CF4000102814D34EF2F031CEF20001405C46F6C8
:10CF5000A871C2F200010978884208D24FF050004F
:10CF600080F31188BFF36F8FBFF34F8FFEE74EF64C
:10CF70000C50CEF2000046F6AC710068C2F200011F
:10CF8000096800F4E060884298BF70474FF0500095
:10CF900080F31188BFF36F8FBFF34F8FFEE7000060
:10CFA00047F20C7C0022C2F2000C00BF5CF8323069
:10CFB00023B10132082A08BF7047F7E70CEBC20320
:10CFC0004CF832105860704770B515460E4604464E
:10CFD000FFF718FF94F84400FF2804BF002084F8EE
:10CFE000440094F84500FF2804BF002084F8450061
:10CFF000FFF72CFFA06B28B904F1240031462A4624
:10D0000000F05EF82046FFF733FA70BD10B5D8B1D6
:10D01000044646F6BC70C2F20000006848B14FF00A
:10D02000500080F31188BFF36F8FBFF34F8F00BFA5
:10D03000FEE700F00BF920460021FEF77DFD01F030
:10D04000ADFA002818BF10BD4EF60450CEF2000015
:10D050004FF080510160BFF34F8FBFF36F8F10BD52
:10D0600047F2E861C2F200010968016047F280718D
:10D07000C2F20001096841607047000047F28C70FD
:10D08000C2F20000012101607047000010B568B1D4
:10D090000C4640F6C021C2F2000109681831FFF7C2
:10D0A0007BFE20460121FEF747FD10BD4FF05000EA
:10D0B00080F31188BFF36F8FBFF34F8FFEE700003F
:10D0C000B0B590B10D4640F6C021C2F2000109682A
:10D0D00014461831FFF77EFE002C18BF4FF0FF35C5
:10D0E00028462146FEF728FDB0BD4FF0500080F3E2
:10D0F0001188BFF36F8FBFF34F8F00BFFEE70000B3
:10D1000070B528B3026D04461AB3E06C884238BF8C
:10D110000846012A1CD1E16A814208BF70BD40F671
:10D12000C022C2F200021268A2421CD0A269E062D0
:10D13000002A5CBFC0F13800A06140F6D8266069C3
:10D1400001EB8101C2F2000606EB8101884214D096
:10D1500070BD4FF0500080F31188BFF36F8FBFF3A5
:10D160004F8F00BFFEE74FF0500080F31188BFF3F0
:10D170006F8FBFF34F8F00BFFEE7251D2846FFF7D7
:10D18000CBFD46F6C471C2F20001E06A0A68904223
:10D1900088BF086000EB800006EB80002946FFF79F
:10D1A00019FE70BDB0B586B0002505A804A903AA74
:10D1B000CDE90455FFF7C4FDDDE90320059CCDE969
:10D1C00000504BF6B960C0F600001EA10023029487
:10D1D00000F02AFF47F2D861C2F20001002808607F
:10D1E0001CBF012001F064FA411C20D001281CD191
:10D1F0004FF0500080F31188BFF36F8FBFF34F8F54
:10D2000047F2E460C2F200004FF0FF31016047F2E4
:10D210004C70C2F200000121016047F28070C2F23E
:10D2200000000021016000F093F906B0B0BD4FF09E
:10D23000500080F31188BFF36F8FBFF34F8F00BF93
:10D24000FEE700BF49444C450000000046F6BC70B4
:10D25000C2F20000016801310160704746F6BC70FF
:10D26000C2F20000006830B147F28C70C2F20000D8
:10D2700001210160704747F28C70C2F2000000216A
:10D2800046F6C47C0160C2F2000CDCF8001040F6E7
:10D29000D82201EB8103C2F2000252F8230048B900
:10D2A00002EB8300A0F11403D9B153F8140901393A
:10D2B0000028F9D001EB810002EB800252F8040F44
:10D2C0004368101D8342136001D1586810601068D4
:10D2D00040F6C022C068C2F200021060CCF8001014
:10D2E00070474FF0500080F31188BFF36F8FBFF38A
:10D2F0004F8F00BFFEE7000080B51722F3F716FC42
:10D30000B0FA80F0400980BD002A08BF70472DE9BF
:10D31000F047450105F1080606F5205A5046144627
:10D320008846FAF7E7FB06F5245907464846FAF718
:10D33000E1FB40EA072605F1180000EB0620414614
:10D340002246FAF709FC3444A0B2010A5046FAF723
:10D350003FFCE1B24846FAF73BFCBDE8F0477047B6
:10D36000002A08BF70472DE9F047450105F108067E
:10D3700006F5105A504614468846FAF7BBFB06F5E8
:10D38000145907464846FAF7B5FB40EA072605F167
:10D39000100000EB062041462246FAF74BFC3444CD
:10D3A000A0B2010A5046FAF713FCE1B24846FAF778
:10D3B0000FFCBDE8F0477047007870470170704778
:10D3C0007047000070470000704700007047000081
:10D3D00010B504464FF4106021460622FAF7BCFB54
:10D3E00004F10E014FF480700422FAF7B5FB04F14A
:10D3F0000A014FF4A0600422FAF7AEFBA11D4FF41E
:10D4000070600422FAF7A8FB40F2C500C2F20000E7
:10D41000007840F2C701A07440F2C600C2F20000DA
:10D42000C2F2000100780978E074217540F2C8006A
:10D4300040F2C401C2F20000C2F200010078097893
:10D440006075A17510BD000080B50020FAF752FB91
:10D4500080BD0000B0B504464FF4D850FAF74AFB3F
:10D4600020704FF4C850FAF745FB05464FF4D050F2
:10D47000FAF740FB40EA05206080B0BD10B50446D5
:10D480004FF4106021460622FAF7D4FB04F10E0196
:10D490004FF480700422FAF7CDFB04F10A014FF437
:10D4A000A0600422FAF7C6FBA11D4FF470600422AD
:10D4B000FAF7C0FB40F2C50CA17CC2F2000CE27C82
:10D4C0008CF8001040F2C601C2F20001237D0A7000
:10D4D00040F2C701C2F20001607D0B7040F2C8014A
:10D4E000C2F200010870A07D40F2C401C2F2000146
:10D4F000087010BDB0B510F0C50F02D0FF2568B29E
:10D50000B0BD044600200025FAF7F4FA40EA040111
:10D510000020FAF75DFB68B2B0BD000010B50178DD
:10D5200004464FF4D850FAF753FBE1784FF4C85053
:10D53000FAF74EFBA1784FF4D050FAF749FB10BD33
:10D5400070470000002070477047000070470000DF
:10D5500080B582B04EF20040CEF200004CF2702155
:10D56000C4F20F11D0F800294B1C9A4209D14FF098
:10D57000500080F31188BFF36F8FBFF34F8F00BF50
:10D58000FEE7D0F800298A4209D14FF0500080F31D
:10D590001188BFF36F8FBFF34F8F00BFFEE7017895
:10D5A00046F6A8720191FF2101700178C2F20002D3
:10D5B0008DF803109DF8031001F05001117046F62C
:10D5C000AC71C2F2000107220A609DF90330B3F189
:10D5D000FF3F2FDD032A3CD14FF4E06303EA022230
:10D5E0000A6001990170D0F8201941F47001C0F867
:10D5F0002019D0F8201941F07041C0F82019FFF728
:10D6000083FC40F25800C2F2000000210160FFF7E5
:10D61000EFFB4EF63470CEF20000016841F040415D
:10D620000160FEF76FFDFFF719FEFEF7FBFE00201D
:10D6300002B080BD072200BF9DF80330013A5B00B5
:10D640008DF803309DF90330002BF5D40A60032ACE
:10D65000C2D04FF0500080F31188BFF36F8FBFF33B
:10D660004F8F00BFFEE7000080B54FF0500080F301
:10D670001188BFF36F8FBFF34F8F00F0C1FD30B142
:10D680004EF60450CEF200004FF0805101600020B1
:10D6900080F3118880BD000010B5024601200021F2
:10D6A00000F006F80446FEF71DFC204610BD000001
:10D6B000F0B581B0B0B105464843503014460E462F
:10D6C000FEF710FF074650B1002007F1500287F81F
:10D6D00046002846314623460097FEF713FC38469D
:10D6E00001B0F0BD4FF0500080F31188BFF36F8F91
:10D6F000BFF34F8FFEE70000B0B582B068B11D46A2
:10D70000ABB1F1B9EAB14FF0500080F31188BFF32B
:10D710006F8FBFF34F8F00BFFEE74FF0500080F3D5
:10D720001188BFF36F8FBFF34F8F00BFFEE74FF03D
:10D73000500080F31188BFF36F8FBFF34F8F00BF8E
:10D74000FEE751B14AB94FF0500080F31188BFF3A2
:10D750006F8FBFF34F8F00BFFEE750230193019BF4
:10D76000502B0AD1069B019C012485F84640009568
:10D77000FEF7C8FB284602B0B0BD4FF0500080F362
:10D780001188BFF36F8FBFF34F8F00BFFEE700001C
:10D7900070B5F8B104460E46FFF734FB2068D4E9B3
:10D7A0000F12002502FB0103013901FB0201A563F1
:10D7B000C4E90103FF20E16084F8440084F84500D7
:10D7C00004F110007EB1FFF7D7FA04F12400FFF74F
:10D7D000D3FA18E04FF0500080F31188BFF36F8F39
:10D7E000BFF34F8FFEE7016869B100F08FFE50B1C3
:10D7F0004EF60450CEF200004FF080510160BFF3AE
:10D800004F8FBFF36F8FFFF721FB012070BD00002A
:10D810002DE9F04F83B00292B8B11D460E46044682
:10D82000E9B1022D03D1E06B012840F09A8000F0AD
:10D83000CDFC00BB0298F0B14FF0500080F311888E
:10D84000BFF36F8FBFF34F8FFEE74FF0500080F3B1
:10D850001188BFF36F8FBFF34F8F00BFFEE7206CBF
:10D860000028DED04FF0500080F31188BFF36F8F97
:10D87000BFF34F8FFEE7FFF7C5FAA06B022D58D01C
:10D88000E16B884255D304F110084FF0000B6F464E
:10D890000DF108094FF0000A0298002800F07D8081
:10D8A000BAF1000F04D13846FFF7DAFB4FF0010A56
:10D8B000FFF7CCFAFFF7CAFCFFF7A4FA94F844008C
:10D8C000FF2808BF84F844B094F84500FF2808BF3B
:10D8D00084F845B0FFF7BAFA3846494600F02CFB09
:10D8E00000285DD12046FEF7FFFBA8B10299404613
:10D8F000FFF7CCFB2046FEF7BBFD00F04FFE80B9E2
:10D900004EF60450CEF200004FF080510160BFF39C
:10D910004F8FBFF36F8F04E02046FEF7A9FD00F0A4
:10D920003DFEFFF76FFAA06B022D02D0E16B88423B
:10D93000B2D2204631462A46FEF70EFA54F8241F8A
:10D94000C9B1204600F0E2FD08B34EF60450CEF215
:10D9500000004FF080510160BFF34F8FBFF36F8F16
:10D9600015E04FF0500080F31188BFF36F8FBFF3C5
:10D970004F8F00BFFEE750B14EF60450CEF20000CC
:10D980004FF080510160BFF34F8FBFF36F8FFFF7F0
:10D990005DFA012003B0BDE8F08FFFF757FA04E00D
:10D9A0002046FEF765FD00F0F9FD002003B0BDE85C
:10D9B000F08F00002DE9F04381B0E8B11E4691469A
:10D9C00005460F4609B3022E02D1E86B012837D174
:10D9D000FFF7B4FAEFF311884FF0500080F311888D
:10D9E000BFF36F8FBFF34F8FA86B022E19D0E96B77
:10D9F000884216D300203FE04FF0500080F311889A
:10DA0000BFF36F8FBFF34F8FFEE7286C0028DAD08B
:10DA10004FF0500080F31188BFF36F8FBFF34F8F2B
:10DA2000FEE795F84540A86B284639463246FEF792
:10DA300093F9FF2C0DD0601C85F8450001201BE0F8
:10DA40004FF0500080F31188BFF36F8FBFF34F8FFB
:10DA5000FEE755F8240F70B1284600F057FD014647
:10DA6000B9F1000F4FF0010006D000291CBF0120C2
:10DA7000C9F8000000E0012088F3118801B0BDE87A
:10DA8000F083000070B560B10546006C98B14FF0AE
:10DA9000500080F31188BFF36F8FBFF34F8F00BF2B
:10DAA000FEE74FF0500080F31188BFF36F8FBFF394
:10DAB0004F8F00BFFEE728680C46F0B1FFF73EFA33
:10DAC000EFF311864FF0500080F31188BFF36F8F92
:10DAD000BFF34F8FA96BE86B81420AD295F84500DE
:10DAE0000131FF28A96314D0013085F845000120D9
:10DAF0001CE0002086F3118870BDA8680028DDD0E6
:10DB00004FF0500080F31188BFF36F8FBFF34F8F3A
:10DB1000FEE755F8240F60B1284600F0F7FC0146F7
:10DB2000002C4FF0010018BF002906D186F31188A0
:10DB300070BD012086F3118870BD0120206086F33E
:10DB4000118870BD2DE9F04F85B0049298B10C4654
:10DB50000546002900F0A38000F038FBA8B904981E
:10DB600098B14FF0500080F31188BFF36F8FBFF36F
:10DB70004F8F00BFFEE74FF0500080F31188BFF3D6
:10DB80006F8FBFF34F8F00BFFEE705F124000090B9
:10DB9000002005F110094FF0000B02AF0DF1100A43
:10DBA00001900AE02846FEF763FC00F0F7FC2846E7
:10DBB000FEF78EFA002840F08080FFF723F9D5F8B1
:10DBC0003880B8F1000F1DD028462146FEF7B0F886
:10DBD000A8F10100A863286970B1484600F096FCDE
:10DBE00050B14EF60450CEF200004FF0805101606B
:10DBF000BFF34F8FBFF36F8FFFF728F90020012687
:10DC000090B95BE0049848B1019820B93846FFF715
:10DC100027FA01200190012030B94FE0FFF716F9F3
:10DC200000260020002849D0FFF710F9FFF70EFB6F
:10DC3000FFF7E8F895F84400FF2808BF85F844B0DE
:10DC400095F84500FF2808BF85F845B0FFF7FEF8B6
:10DC50003846514600F070F90028A3D12846FEF757
:10DC600037FAB0B104990098FFF710FA2846FEF78A
:10DC7000FFFB00F093FC00289FD14EF60450CEF23B
:10DC800000004FF080510160BFF34F8FBFF36F8FE3
:10DC900093E72846FEF7ECFB00F080FC8DE7286C4C
:10DCA00000283FF459AF4FF0500080F31188BFF3C4
:10DCB0006F8FBFF34F8F00BFFEE70026304605B0E1
:10DCC000BDE8F08F2DE9F04381B000B391460546E1
:10DCD0000E4631B3FFF732F9EFF311884FF05000E1
:10DCE00080F31188BFF36F8FBFF34F8FAC6B24B3FA
:10DCF00095F8447028463146FEF71AF8601EFF2F4B
:10DD0000A8631CD0781C85F8440001202AE04FF05D
:10DD1000500080F31188BFF36F8FBFF34F8F00BFA8
:10DD2000FEE7286C0028D5D04FF0500080F3118812
:10DD3000BFF36F8FBFF34F8FFEE7002012E055F85F
:10DD4000100F70B1284600F0E1FB0146B9F1000F59
:10DD50004FF0010006D000291CBF0120C9F80000C7
:10DD600000E0012088F3118801B0BDE8F0830000D5
:10DD70002DE9F04F85B0049158B10446006C90B184
:10DD80004FF0500080F31188BFF36F8FBFF34F8FB8
:10DD9000FEE74FF0500080F31188BFF36F8FBFF3A1
:10DDA0004F8F00BFFEE700F011FA50B9049840B160
:10DDB0004FF0500080F31188BFF36F8FBFF34F8F88
:10DDC000FEE704F1240004F1100501904FF0000873
:10DDD00002AF0DF1100A4FF000094FF0000B0AE0FE
:10DDE0002046FEF745FB00F0D9FB2046FEF770F910
:10DDF000002840F07F80FFF705F8A06BF0B10138F4
:10DE0000A063206810B9FEF709FCA060286870B113
:10DE1000284600F07BFB50B14EF60450CEF20000D5
:10DE20004FF080510160BFF34F8FBFF36F8FFFF74B
:10DE30000DF801260020B8B96FE000BF049850B17A
:10DE4000BBF1000F04D13846FFF70AF94FF0010B80
:10DE5000012048B961E0B9F1000F62D1FEF7F6FF89
:10DE600000200026002858D0FEF7F0FFFFF7EEF95B
:10DE7000FEF7C8FF94F84400FF2808BF84F84480E8
:10DE800094F84500FF2808BF84F84580FEF7DEFFC0
:10DE90003846514600F050F80028A1D12046FEF740
:10DEA00017F928B92046FEF7E3FA00F077FBA2E75E
:10DEB000206838B9FEF7A6FFA06800F0DDFA8146B9
:10DEC000FEF7C4FF04990198FFF7E0F82046FEF73B
:10DED000CFFA00F063FB00287FF48DAF4EF60450BC
:10DEE000CEF200004FF080510160BFF34F8FBFF3BF
:10DEF0006F8F80E7B9F1000F0ED0FEF783FF204649
:10DF0000FDF784FFA168024608461146FFF7F8F8BE
:10DF1000FEF79CFF002600E00026304605B0BDE875
:10DF2000F08F4FF0500080F31188BFF36F8FBFF375
:10DF30004F8F00BFFEE70000B0B5D0B10D4611B362
:10DF40000446FEF75FFF47F28070C2F200000168EE
:10DF50002868421C21D047F2E8636268C2F20003DD
:10DF6000D3F800C091421AD323689C4517D00124EE
:10DF700022E04FF0500080F31188BFF36F8FBFF3A2
:10DF80004F8F00BFFEE74FF0500080F31188BFF3C2
:10DF90006F8FBFF34F8F00BFFEE700240CE0891A9C
:10DFA000884206D9401A28602046FFF759F8002415
:10DFB00002E0002001242860FEF748FF2046B0BDA3
:10DFC0002DE9F04383B007469000984615468946F0
:10DFD000FEF788FA78B106465C20FEF783FA38B17E
:10DFE0000446066354B94FF0FF3003B0BDE8F08338
:10DFF0003046FEF743FF0024002CF4D0DDE90A1080
:10E00000002284F85920CDE90010384649462A46B6
:10E0100043460294FDF786FF2046FDF7CDFD012023
:10E0200003B0BDE8F083000070B586B00B9CCCB1A6
:10E030000C9E06B35C250495049D5C2D25D1049DA2
:10E04000DDF828C0022586F8595005AD3463CDE9C6
:10E0500000C50296FDF766FF3046FDF7ADFD059859
:10E0600006B070BD4FF0500080F31188BFF36F8F82
:10E07000BFF34F8FFEE74FF0500080F31188BFF3DE
:10E080006F8FBFF34F8F00BFFEE74FF0500080F35C
:10E090001188BFF36F8FBFF34F8F00BFFEE7000003
:10E0A0002DE9F04120B31D46174604460E46FEF703
:10E0B00045FFEFF311884FF0500080F31188BFF354
:10E0C0006F8FBFF34F8F002D1CBF606D286094F8D9
:10E0D00058000221042F84F8581012D80125DFE8D7
:10E0E00007F023031C262000616D314361651FE0AA
:10E0F0004FF0500080F31188BFF36F8FBFF34F8F45
:10E10000FEE7616D013113D04FF0500080F31188AC
:10E11000BFF36F8FBFF34F8FFEE7616D0131616514
:10E1200006E0022803D10025012849D103E06665F5
:10E130000125012844D1A06A48B14FF0500080F376
:10E140001188BFF36F8FBFF34F8F00BFFEE746F616
:10E15000BC70C2F20000006830B147F2F86004F110
:10E160001801C2F2000015E0261D3046FEF7D4FD6E
:10E1700046F6C471C2F20001E06A0A68904288BFA4
:10E18000086040F6D82100EB8000C2F2000101EBEC
:10E1900080003146FEF71EFE40F6C021C2F20001AB
:10E1A000E06A0968C96A88420AD9069800281CBF33
:10E1B0000121016047F28C70C2F200000121016070
:10E1C00088F311882846BDE8F081000047F24C70C2
:10E1D000C2F200000068002804BF0120704746F624
:10E1E000BC70C2F200000068B0FA80F04009400044
:10E1F0007047000047F28070C2F20000006870476C
:10E200002DE9F04F81B046F6BC70C2F20000006804
:10E2100040B147F2F460C2F200000168002401310D
:10E22000016092E047F28070C2F2000001684E1C6B
:10E23000066021D340F6C820C2F2000001680968D8
:10E2400049B14FF0500080F31188BFF36F8FBFF3D7
:10E250004F8F00BFFEE740F6D022C2F200020168F5
:10E260001368036047F2E8601160C2F200000168C1
:10E2700001310160FEF764F847F2E461C2F2000187
:10E28000086840F6C02A40F6D8288642C2F2000A42
:10E29000C2F2000801D2002445E040F6C827C2F2CD
:10E2A000000738680024006898B346F6C47BC2F2C1
:10E2B000000B19E0D9F82C00DBF80010884288BF69
:10E2C000CBF8000000EB800008EB80002946FEF749
:10E2D00081FDD9F82C00DAF80010C96A3A68884242
:10E2E00028BF01241068B8B13868C068D0F80C9015
:10E2F0004D4655F8040F864210D32846FEF70CFD14
:10E30000D9F828000028D5D009F11800FEF704FD3F
:10E31000D0E74FF0FF3005E04FF0FF3047F2E46107
:10E32000C2F200010860DAF80000C06A00EB800069
:10E3300058F82000012847F28C70C2F2000088BF14
:10E3400001240068002818BF0124204601B0BDE860
:10E35000F08F00002DE9F0411E461546884607461D
:10E36000FEF750FD40F6C024C2F20004206890F889
:10E370005800022819D02068416D21EA0701416543
:10E3800020684FF0010180F8581076B13046012125
:10E39000FDF7D2FB4EF60450CEF200004FF0805154
:10E3A0000160BFF34F8FBFF36F8FFEF74FFDFEF796
:10E3B00029FD15B12068406D28602068002590F87F
:10E3C00058100020022905D1216801254A6D22EA52
:10E3D00008024A65216881F85800FEF737FD284693
:10E3E000BDE8F081B0B580B1044640F6C020C2F26D
:10E3F00000000068A0420AD04FF0500080F311885E
:10E40000BFF36F8FBFF34F8FFEE70020B0BD206DCD
:10E4100038B3013820654FF0000018BFB0BDE16A85
:10E42000E26C91421CD0251D2846FEF775FCE06C7D
:10E43000C0F13801A16146F6C471E062C2F2000188
:10E440000A68904288BF086040F6D82100EB80003F
:10E45000C2F2000101EB80002946FEF7BBFC01205F
:10E46000B0BD4FF0500080F31188BFF36F8FBFF342
:10E470004F8F00BFFEE70000F0B581B000B340F65B
:10E48000C026C2F200060446C06A3168C96A8842E2
:10E4900019D2A169002904D43168C96AC1F13801CF
:10E4A000A16140F6D827616900EB8000C2F2000745
:10E4B00007EB800081420FD03068C06AE06221E043
:10E4C000002001B0F0BDE16C3068C26A00209142CA
:10E4D00038BF012001B0F0BD251D2846FEF71CFC09
:10E4E000306846F6C471C06AC2F20001E0620A6890
:10E4F000904288BF086000EB800007EB800029464F
:10E50000FEF768FC012001B0F0BD0000B0B5C068A6
:10E51000C5687DB105F118042046FEF7FDFB46F6FF
:10E52000BC70C2F20000006868B147F2F860C2F245
:10E5300000001DE04FF0500080F31188BFF36F8F93
:10E54000BFF34F8FFEE72C1D2046FEF7E5FB46F696
:10E55000C471C2F20001E86A0A68904288BF08608C
:10E5600040F6D82100EB8000C2F2000101EB8000F0
:10E570002146FEF72FFC40F6C021C2F20001E86AF6
:10E580000968C96A884291BF002047F28C71C2F2C3
:10E590000001012088BF0860B0BD00002DE9F04FE8
:10E5A00081B046F6BC74C2F20004206868B1FEF780
:10E5B00029FC206801382060206880B10024FEF723
:10E5C00045FC204601B0BDE8F08F4FF0500080F3CD
:10E5D0001188BFF36F8FBFF34F8F00BFFEE746F682
:10E5E000B470C2F20000006800285DD047F2F866FF
:10E5F000C2F20006306847F28C78C2F2000890B38D
:10E6000046F6C47740F6D82940F6C02BC2F2000780
:10E61000C2F20009C2F2000B4FF0010AF068C568AF
:10E6200005F11800FEF778FB2C1D2046FEF774FB61
:10E63000E86A3968884288BF386000EB800009EBDF
:10E6400080002146FEF7C6FBE86ADBF80010C96AC5
:10E65000884228BFC8F800A030680028DED1002D0D
:10E6600018BFFDF76DFE47F2F464C2F2000425689E
:10E6700055B10126FFF7C4FD002818BFC8F8006097
:10E68000013DF7D100202060D8F8000070B14EF6AF
:10E690000450CEF200004FF080510160BFF34F8F65
:10E6A0000124BFF36F8F8AE7002488E7002486E700
:10E6B00080B586B0FDF7D6FA47F28470C2F200004A
:10E6C000006800284FF000001FD0CDE9040005A825
:10E6D00004A903AAFEF742FBDDE903200221DDF8CD
:10E6E00014C0CDE900104CF25940C0F600000EA154
:10E6F0000023CDF808C0FFF797FC47F28871C2F2FB
:10E7000000010860002818BF012000281CBF06B0C7
:10E7100080BD4FF0500080F31188BFF36F8FBFF3BF
:10E720004F8F00BFFEE700BF546D72205376630029
:10E7300010B584B0A8B147F28474C2F200048446D4
:10E740002068C0B10529CDE90012CDF808C015DC5C
:10E75000FFF73CFD01462068022916D1069A69465A
:10E7600015E04FF0500080F31188BFF36F8FBFF3B7
:10E770004F8F00BFFEE7002004B010BD69461A4667
:10E780000023FFF717F904B010BD694600220023EB
:10E79000FFF73EF804B010BD5FEA400C08BF91F0EF
:10E7A000000F4FEA8C234FEAC12243EA51514FEA4E
:10E7B0001C5018BF00F5F0404FEA300018BF41F080
:10E7C00000415FEA6C5C00F02980BCF1FF3F08BFAC
:10E7D00040F080407047130C06BF12044FF0100C3D
:10E7E0004FF0000C130E04BF12020CF1080C130FB3
:10E7F00004BF12010CF1040C930F04BF92000CF142
:10E80000020CD30F04BF52000CF1010C11464FF063
:10E810000002A0F11F00A0EB0C00704711F0004FA8
:10E8200008BF704731F000413FF4D5AF0B0C06BF75
:10E8300009044FF0100C4FF0000C0B0E04BF09023E
:10E840000CF1080C0B0F04BF09010CF1040C8B0F29
:10E8500004BF89000CF1020CCB0F04BF49000CF17E
:10E86000010CCCF1200322FA03F341EA030102FA7E
:10E870000CF2A0EB0C0000F10100704723F07F4781
:10E8800020F07F4C80EA030000F00040ACEB07036F
:10E8900003F57C5303F1FF032DE9804909B44FEAE6
:10E8A000144324EA03484FEA154B25EA0B4E0FF2B6
:10E8B000042606EB13273E7803FB0667C7F500071F
:10E8C00007FB06F64FEAD64606F102064FEA543732
:10E8D00007FB066CCCF1005C4FEA1C472CEA074CA6
:10E8E0000CFB06F507FB06F404EB15464FEA9616FB
:10E8F00049085FEA320234BF00204FF000404FEA7F
:10E90000D13706FB07FC4FEA1C4C0CFB0BF7D21B64
:10E9100003FB0CF761EB07010CFB0EF7B0EB0740B4
:10E9200072EB17420CFB08F734BFA2EB0742B2EBC5
:10E93000074261EB17414FEA0C444FEA910706FB8F
:10E9400007FC4FEA1C4C0CFB0BF7B0EBC74072EB1B
:10E95000573203FB0CF734BFA2EBC742B2EBC742FE
:10E9600061EB57310CFB0EF7B0EBC70072EB57723F
:10E970000CFB08F734BFA2EBC702B2EBC70261EB96
:10E9800057714FEA816141EA92114FEA826242EA8D
:10E9900090124FEA806004EBCC04039F4FEAD1371A
:10E9A00006FB07FC4FEA1C4C0CFB0BF7D21B03FBCE
:10E9B0000CF761EB07010CFB0EF7B0EB074072EBB5
:10E9C00017420CFB08F734BFA2EB0742B2EB074239
:10E9D00061EB17414FEA8C5504EB9C244FEA9107F9
:10E9E00006FB07FC4FEA1C4C0CFB0BF7B0EBC740D7
:10E9F00072EB573203FB0CF734BFA2EBC742B2EB0A
:10EA0000C74261EB57310CFB0EF7B0EBC70072EB5E
:10EA100057720CFB08F734BFA2EBC702B2EBC70278
:10EA200061EB57714FEA816141EA92114FEA8262CC
:10EA300042EA90124FEA806015EB4C2544F1000445
:10EA40004FEAD13706FB07FC4FEA1C4C0CFB0BF7D7
:10EA5000D21B03FB0CF761EB07010CFB0EF7B0EBCD
:10EA6000074072EB17420CFB08F734BFA2EB0742DA
:10EA7000B2EB074261EB17414FEA813141EA924123
:10EA80004FEA823242EA90424FEA80304FEA0C76F7
:10EA900015EB1C1544F1000448EA03434EEA0B4809
:10EAA0004FF0000EB2EB080C71EB030724BF624677
:10EAB00039464EEB0E0E4FF0000B00185241494103
:10EAC0004BEB0B0BB2EB080C71EB03077BF1000B6C
:10EAD00024BF624639464EEB0E0E4FF0000B001875
:10EAE000524149414BEB0B0BB2EB080C71EB0307A6
:10EAF0007BF1000B24BF624639464EEB0E0E51EA05
:10EB0000020718BF46F0010616EB0E7655F100021B
:10EB100054F1000103D5BDE88901BDE80088BDE8D6
:10EB20008901BDE80048B619524141EB0101A3F14A
:10EB30000103704780807F7E7D7C7B7A7978777651
:10EB400076757473727171706F6E6E6D6C6C6B6ACA
:10EB50006A69686867666665646463636261616068
:10EB6000605F5F5E5E5D5D5C5C5B5B5A5A595958E5
:10EB7000585757565655555554545353525252514F
:10EB8000515050504F4F4F4E4E4D4D4D4C4C4C4BA5
:10EB90004B4B4A4A4A4949494848484747474746EC
:10EBA0004646454545444444444343434342424228
:10EBB0004241414110B546EA06464FEA164646EA4A
:10EBC00042564FEAD22242EA41524FEAD121A3F5FE
:10EBD0007053A3F1010300F02FF820F0004000F083
:10EBE000004700F1020CBCF5006F01EB005011462C
:10EBF00040EA070000D210BDBAF1000F0AD01CB5E0
:10EC000003B44FF004004FF004014FF000000FBCBC
:10EC1000BDE810404FF00001BBF1010FB9BF04483F
:10EC20004FF0FF310348002140EA070010BD00BF4C
:10EC3000FFFFEF7F0000F07F9C46002B30D4770071
:10EC40002BD04FEA37071CB503B44FF010004FF03C
:10EC50001001BAF1000F06D0BCF1000FDCBF40F08C
:10EC6000080040F008014FF000000FBCBDE8104064
:10EC70000BF1010BBBF1010F08BF5FEA170722BFC1
:10EC800012F1010211F101014FF0004143F10003C3
:10EC900000F0004043EA00007047F9D35708D0E77E
:10ECA00046EA06464FEA164613F1400F1FDD13F100
:10ECB000200FDFBF16430A46002120335B42BED03F
:10ECC000C3F1200746EA06464FEA164602FA07F75E
:10ECD00046EA070622FA03F2C3F1200701FA07F712
:10ECE00042EA070221FA03F14FF00003A7E746EAE0
:10ECF000020646EA06464FEA164646EA0106BCBF49
:10ED000046EA0646360C4FF000034FF000024FF083
:10ED1000000194E72DE9804C70B49A46934691E83F
:10ED2000380007C831EA400C48BF34EA430C03D529
:10ED3000FFF7A4FDFFF780FFF0BCBDE8008C2DE9D4
:10ED4000804C70B49A46934691E8380007C831EA7F
:10ED5000400C48BF34EA430C03D5FFF78FFDFFF7A3
:10ED600029FFF0BCBDE8008C2DE9804C70B49A46B8
:10ED7000934691E8380007C810F0804F08BF13F0A1
:10ED8000804F03D100F01AF8FFF756FFF0BCBDE842
:10ED9000008C2DE9804C70B49A46934691E8380077
:10EDA00007C810F0804F08BF13F0804F03D100F068
:10EDB00005F8FFF7FFFEF0BCBDE8008C20F07F47B0
:10EDC00023F07F4C80EA030000F0004007EB0C03C7
:10EDD000A3F57C53A3F1FE0392F0000F00F0B38083
:10EDE00095F0000F00F077802DE901494FEA1140BE
:10EDF00021EA00484FEA144624EA064700FB06FCD5
:10EE000008FB06F607FB08F818EB06484CEB164C17
:10EE100000FB07F718EB07484CEB17404FEA124B83
:10EE200022EA0B4E4FEA154625EA06470BFB06FC85
:10EE30000EFB06F607FB0EFE1EEB064E4CEB164CC9
:10EE40000BFB07F71EEB074E4CEB174B18EB0B08B1
:10EE500040F1000018EB0E0B58EB000840F10000E9
:10EE60008F1A4FF000014FF000063CBFC943661BEC
:10EE700014BFB5EB040C00213CBFC943F61B4FEA9D
:10EE8000174427EA04454FEA1C472CEA074C04FBC9
:10EE9000076205FB07F70CFB05F616EB074642EB8E
:10EEA000174204FB0CFC16EB0C4642EB1C421BEB1E
:10EEB000060658EB020241414EEA8E0E46EA9E06D5
:10EEC00001D5BDE80189B619524141EB0101A3F119
:10EED0000103BDE801894FEA144524EA05464FEADB
:10EEE000114721EA074C05FB07F406FB07F70CFB6B
:10EEF00006F111EB074144EB174405FB0CFC11EB49
:10EF00000C4144EB1C444FEA124722EA074C05FB34
:10EF100007F206FB07F70CFB06F616EB074642EB7B
:10EF2000174205FB0CFC16EB0C4642EB1C456A181D
:10EF300054F1000148BF7047B619524141EB01013D
:10EF4000A3F10103704795F0000F37D04FEA11424B
:10EF500021EA02464FEA144724EA074C02FB07F174
:10EF600006FB07F70CFB06F414EB074441EB1741D3
:10EF700002FB0CFC14EB0C4441EB1C414FEA15471F
:10EF800025EA074C02FB07F506FB07F70CFB06F624
:10EF900016EB074645EB174502FB0CFC16EB0C463F
:10EFA00045EB1C42121951F1000148BF7047B619D8
:10EFB000524141EB0101A3F1010370474FEA1445AF
:10EFC00024EA05464FEA114721EA074C05FB07F101
:10EFD00006FB07F70CFB06F212EB074241EB174169
:10EFE00005FB0CFC12EB0C4251EB1C414FF00006F0
:10EFF00048BF7047921841EB0101A3F1010370472C
:10F0000003B401984100009850EAC12018BF0420C1
:10F010004A0D18BF40F0010040F2FF72B2EB515FA1
:10F0200008BF40F00200012808BF052002B0704769
:10F030004100080218BF04200A0E18BF40F001006A
:10F040004FF07F4232EA010108BF40F00200012880
:10F0500008BF05207047000030B52DED048B81B04E
:10F06000B0EE408AF0EE608A6A4651EC180B00F070
:10F0700047FB00989FED329B7E300090002821DCFA
:10F0800053EC192B51EC180B00F012FC1AD0002194
:10F0900040F608004FF00000044651EC180B00F059
:10F0A000C1FB08EE100A40F6080004EA00014FF028
:10F0B0000000B5EEC08AF1EE10FA04BF0220F1F7AD
:10F0C0002CFF2DE00098FF2830DB002108464FF090
:10F0D000000000F4400553EC192B51EC180B00F024
:10F0E0005DFD8CBF002401240220F1F716FF9FED87
:10F0F000168A4DB1002C0CBF4FF400004FF4800075
:10F10000A84218BF9FED118A042108464FF0000065
:10F11000002C01BFB1EE480A01B0BDEC048B30BD3C
:10F12000B0EE480A01B0BDEC048B30BD51EC180BB9
:10F1300000F078FB01B000EE100ABDEC048B30BD8E
:10F1400000000000000000000000807FFFFF7F7FC4
:10F1500010B510EE104A4FF01A402DED028B00EB67
:10F160004400B0F1C85F4AD84FF0FC40B0EB440F08
:10F1700022D2B0EEC00AF7EE000A30EEC00AF6EE78
:10F18000000A20EE208A18EE100A00F0FFFA00EEC6
:10F19000100A14F0004F1DBF9FED281ADFED280A5A
:10F1A000B1EE400A9FED271A08BFF0EE410AF8EED3
:10F1B000001A20EE210A05E020EE008A9FED221AB7
:10F1C000DFED220ADFED221A9FED222A70EEC00A3F
:10F1D00020EE080A08EE212ADFED1F1A48EE021A77
:10F1E0009FED1E2A08EE212ADFED1D1A48EE021AB5
:10F1F000BDEC028B40EE610A30EE810A10BD4FF08B
:10F20000CC40B0EB440F82BF9FED160ABDEC028BE1
:10F2100010BD4FF07F40B0EB440F05D2BDEC028B28
:10F22000BDE8104000F090B90120F1F776FEBDEC8A
:10F23000028BBDE8104000F08BB90000000049408F
:10F2400022AA7D3A000000000000C93F22AAFD3931
:10F2500024FE1C3DC78AD83C1E67383D1B93993D50
:10F26000AFAA2A3EDB0FC93F30B540F2FF742DED47
:10F27000048BF0EE608A18EE901A85B0B0EE408AEA
:10F280009FED2B9B05468DED008B34EA115147D045
:10F2900053EC192B51EC180B00F00AFB40D02A4616
:10F2A00051EC180B00F06CFD41EC180B18EE900AB5
:10F2B0008DED008B34EA10501CD053EC192B51EC1F
:10F2C000180B00F0F5FA2BD10220F1F726FE00F022
:10F2D0002BF910EE901A18EE900A8DED020B8DEDC1
:10F2E000008B61F31E0003909DED020B05B0BDEC99
:10F2F000048B30BD0220F1F710FE00F005F910EE8E
:10F30000901A18EE900A8DED020B8DED008B61F3D3
:10F310001E0003909DED020B05B0BDEC048B30BDCB
:10F3200005B0B0EE480AF0EE680ABDEC048B30BDC3
:10F33000000000000000000000B510EE101A2DEDD6
:10F34000028B81B0524A6846B2EB410F2ED94FF082
:10F35000E640B0EB410F94BF00204FF0FF3000902B
:10F360000098B0EE408A00286ADB10F0010F4BD005
:10F3700068EE080A9FED471A9FED470A00EE810AE2
:10F380009FED461A10F0020F00EE801AB7EE000A49
:10F3900000EE810A02BF01B0BDEC028B00BD00BFD0
:10F3A00001B0B1EE400ABDEC028B00BD3C4B21F038
:10F3B0000042934241D911F0004FDFED3A0A20EEAE
:10F3C000201ADFED390A19BF31EE601A71EE200AFA
:10F3D00031EE201A71EE600ABDEEE01A11EE100A4D
:10F3E0009FED321A00F0030000EEC10A9FED301AC3
:10F3F000009000EEC10A9FED2F1A00EEC10A9FEDAA
:10F400002E1A00EEC10AABE728EE080A9FED2B1A70
:10F41000DFED2B0A10F0020F40EE010A9FED291AD2
:10F4200000EE201A61EE000AB0EE480A08EE200A4B
:10F43000B6D101B0BDEC028B00BD00F0A3F88FE7A0
:10F4400018EE100A4000B0F17F4F0DD218EE100AEE
:10F45000FFF7EEFD042808BF00F082F8B0EE480A7E
:10F4600001B0BDEC028B00BD09D10120F1F755FDC3
:10F4700001B0BDEC028B5DF804EB00F069B801B09F
:10F48000B0EE480ABDEC028B5DF804EB00F05CB80E
:10F49000B61F927EB93AB2BACA9F2A3DDDFFFFBEBF
:10F4A000490E494683F9223F0000004B0000C93F46
:10F4B00000A0FD390020A2331A61342C336D4CB901
:10F4C000DA82083CA0AA2ABE10B52DED028BB1EE5F
:10F4D000C08A18EE100A20F00040C0F1FF40C00FB3
:10F4E0000AD010EE100A20F00040C0F1FF40C00F1B
:10F4F00004BF0120F1F711FDB0EE480ABDEC028B0C
:10F5000010BD0000000000009FED050B10B553EC8E
:10F51000102B51EC100B00F043FA41EC100B10BD16
:10F5200000000000000000709FED050B10B553ECCB
:10F53000102B51EC100B00F033FA41EC100B10BD06
:10F54000000000000000001030EE000A70470000CC
:10F55000DFED020A80EEA00A704700000000000004
:10F560009FED020A20EE000A704700000000001024
:10F5700010B5044691ED000BFFF76EFD84ED000A17
:10F5800010BD00002DE9F0014FF07F42B2EB410FBA
:10F590009FBF4FF0FF310160BDE8F00170474FF0B1
:10F5A000004242EA0123C1F3C752783A551112F0E2
:10F5B0001F0C434CCCF120067C44C1F3C752A2F18E
:10F5C00078024FEA621204EB820254F8254008BF29
:10F5D000D2E9015612D0556804FA0CF425FA06F760
:10F5E0003C43976805FA0CF527FA06F8D26807FA43
:10F5F0000CFCF24045EA08054CEA0206A4FB034C69
:10F60000A5FB0352A6FB03631D449D4234BF0126A4
:10F6100000261319334416B1934202D903E09342F2
:10F6200001D2012200E00022624402F1200C920685
:10F63000DC0C42EA443200EE102A5B03DFED210AC3
:10F64000F8EEC01A00EE103A4FEA9C1C11F0004F81
:10F65000B8EE400AC0F800C020EE201A00EE105AA2
:10F66000DFED190AB8EE400A20EE200A71EE810A99
:10F6700070EE800A10EE902A02F500626FF30B0222
:10F6800000EE902A70EEE11A31EEC11ADFED101A89
:10F6900030EE411A9FED0D0A20EE800A01EE210A9C
:10F6A0009FED0C1A00EE810A04BFBDE8F00170471F
:10F6B000CCF180510160BDE8F001B1EE400A704725
:10F6C000A0080000000000360000802C22AAFD29BE
:10F6D000DB0FC92F0000C92F10B5044690ED000BB9
:10F6E0000846FFF7C1FD84ED000B10BD30380A2835
:10F6F00001D2012070470020704700000000000088
:10F7000010B582B01446CDE900010023009A2360B1
:10F71000194B21F0004098422ADA024328D0B0F574
:10F72000801FA8BF226810DA9FED150B53EC102B39
:10F730009DED000B51EC100B00F032F9CDE900010A
:10F740006FF0350221F0004022600F4B6FF31E5125
:10F7500003EB20501044206041F0FF5040F0005077
:10F7600001909DED000B00BF02B051EC100B10BDDD
:10F770009DED000BF8E700000000F07F00000000A6
:10F78000000000000000504302FCFFFF10B500EE37
:10F79000100A2DED028BB1EEC08A18EE100A20F08F
:10F7A0000040C0F1FF40C00F0AD010EE100A20F058
:10F7B0000040C0F1FF40C00F04BF0120F1F7ADFBD6
:10F7C00018EE100ABDEC028B10BD000010B5002928
:10F7D0000AD00878002807D005487844F1F7BCFA29
:10F7E000002801D0002010BD0248784410BD000060
:10F7F000160C00000E0C000010B500290AD0087885
:10F80000002807D005487844F1F7A6FA002801D06F
:10F81000002010BD0248784410BD0000060C000016
:10F82000FE0B000021F0004201F00043A2F1605203
:10F83000B2F5801F28BFD2F17F6C0BD95FEA001CA4
:10F8400043EAC20242EB507018BF704728BF20F055
:10F8500001007047B2F5801FBCBF184670474FEAE1
:10F86000410C1CF5001F02D2084600F04BBA70B5DF
:10F8700000F040F900000089FFF7F6BF4FF00040AC
:10F88000A0F580007047000002494FF0000000F032
:10F8900045BA00BF0000F87F491058BFC1F1404190
:10F8A0005B1058BFC3F140438B42EFF300807047B9
:10F8B00051EA030C17D41CF5801F58BFBCF5801FFC
:10F8C00000F10680994218BF704708BF9042704708
:10F8D00007D711F5801F58BF13F5801F19D499421F
:10F8E0007047894270471CF5801F08D5BCF5801F02
:10F8F000F7D58B4218BF704708BF824270474FF45C
:10F90000001C1CEB410F38BF1CEB430F01D28B4294
:10F91000704770B500F0EEF8922449004FF00051A6
:10F920004FF08053FFF7B8BF51EA030C17D41CF512
:10F93000801F58BFBCF5801F00F10680994218BF98
:10F94000704708BF9042704707D711F5801F58BF16
:10F9500013F5801F19D499427047894270471CF5EE
:10F96000801F08D5BCF5801FF7D58B4218BF7047A4
:10F9700008BF824270474FF4001C1CEB410F38BF98
:10F980001CEB430F01D28B42704770B500F0B2F808
:10F99000922449004FF000514FF08053FFF77CBF95
:10F9A00070B5DFF848C11CEA111E1EBF1CEA131512
:10F9B0009EEA0C0F95EA0C0F00F06F8081EA0304B9
:10F9C0004EEAD47EAE4421EA4C1123EA4C1341F4B2
:10F9D000801143F48013AEF17F7EA1FB024CA0FBAB
:10F9E0000365361955EB0C05A1FB034C4CF10003E4
:10F9F000A0FB021C16EB0C06654153F10003094203
:10FA000018BF46F0010613F4007F0BD14FEA033113
:10FA10004FEA053041EA155140EA165034036FF0C1
:10FA200003020AE04FEAC3214FEAC52041EA5551DB
:10FA300040EA5650F4026FF0020202EB2E4201EB54
:10FA4000025585EACE710AD05FEA440C18BF24F053
:10FA5000004450F1000041F1000120EAD47040F26E
:10FA6000FE7C624500D270BDA84214BF4FF08044B6
:10FA70004FF04044002E08BF0024BEF1806FA8BFA5
:10FA8000A1F1C041BDE8704080F2828001F1C04127
:10FA900001F000414FF0000070470CEA13159EEA98
:10FAA0000C0F18BF95EA0C0F06D081EA030E4FF039
:10FAB00000000EF0004170BD00F01CF88900013E0E
:10FAC00000F007B800F009B84FEA430C5FEA5C5C4D
:10FAD00008D081EA030100F05BB84FEA410C5FEA0D
:10FAE0005C5CF6D102494FF0000070470000FF0750
:10FAF0000000F87F0EF1020E2EF0030E5EF8046B8C
:10FB0000364205D4012A43EB030515F5001F12D830
:10FB1000012841EB010C1CF5001F0CD80ED14FEA57
:10FB2000D17C0CEB4C0C0CF1020C15F5001F08BF3E
:10FB30004CEBD37C04E04FF0080C01E04FEAD37C9F
:10FB40000CEB4C0526FA05F606F00706B6F1040C98
:10FB500006D20EEB860CBDE870404CF0010C6047FD
:10FB6000DFE80CF0090B02024FF00041A1F5002183
:10FB70004FF0000070BD19461046012851EB0104FA
:10FB800018BFD4F5001484BF002001F0004170BDFF
:10FB90000808A0F500114FEA3101704753EA010C43
:10FBA00017D41CF5801F58BFBCF5801F00F10680DC
:10FBB0008B4218BF704708BF8242704707D713F5C2
:10FBC000801F58BF11F5801F19D48B4270479B428C
:10FBD00070471CF5801F08D5BCF5801FF7D59942EA
:10FBE00018BF704708BF904270474FF4001C1CEBD1
:10FBF000430F38BF1CEB410F01D2994270470FB43D
:10FC00000CBC03BCFFF7C1BE43004FEAD30C4FEA64
:10FC10003C0C43401FBF40070CF1605113F0FE4FF6
:10FC200070471CF0006F03D10CF0004100207047BA
:10FC30000CF0004343EA507040EACC0010B500F0ED
:10FC40000EF800BF000000924FEA0001FFF7A0BFCE
:10FC50004FF00041A1F500214FF0000070470EF178
:10FC6000020E2EF0030E5EF8044B244204D44FEA39
:10FC70004102B2F17F4F11D84FEA4003B3F17F4FF9
:10FC80000CD80ED14FEAD07C0CEB4C0C0CF1020CD2
:10FC9000B2F17F4F08BF4CEBD17C04E04FF0080C71
:10FCA00001E04FEAD17C0CEB4C0324FA03F404F09E
:10FCB0000704B4F1040C06D20EEB840CBDE810402E
:10FCC0004CF0010C6047DFE80CF0070802024FF02F
:10FCD0000040A0F5800010BD0846420018BFD2F1D8
:10FCE000807288BF00F0004010BDF1EE100A4FF6A0
:10FCF000FF71C0F2C03120EA010040F04070E1EE37
:10FD0000100A7047FF2141EAD050C00570474FF0FC
:10FD100000007047F1F785BAF2F734B80CF00F0322
:10FD2000092B08BF082000F05F800A2B0BD0082B9E
:10FD300018BF704708BF1CF0400F0AD04FF00000FA
:10FD40004FF0000170471CF0400F18BF4FF000400B
:10FD500070471CF0100F08D000F07F4220F0704375
:10FD600042EAD3014FEA4370704700F0604021F04F
:10FD70007F4242EA000201F07F4040EA7270704721
:10FD80004FF0FF0C4CF4E06C1CEA11531CBF9CEAD2
:10FD9000030C9445C2BFDA4201EB02517047002BBD
:10FDA0000DD0BCF1000F0FD001F00041002AA4BF1C
:10FDB00041F0E04141F07F614FF00000704701F0F9
:10FDC00000414FF00000704750EA01334FF09B0CA8
:10FDD00018BF4CF0806C7FF457AD7047F1F7A8BDA9
:10FDE000F2F75EBCF2F7ECBD1CF4801F11D01CF4DE
:10FDF000E02F03D06FEACC31490070474FF04050FC
:10FE0000EFF3008222F0704242EA000282F300889F
:10FE100070474FF000007047040000080000000029
:10FE200000000002000100001000000000000000BF
:10FE30000000000030313233343536373839414232
:10FE4000434445464030580030313233343536373C
:10FE500038396162636465664030780000000000F4
:10FE60006E83F9A22915444ED15727FCC0DD34F525
:10FE7000999562DB4190433CAB6351FE30313233A4
:10FE800034353637383961626364656678700030BE
:10FE90003132333435363738394142434445465898
:10FEA0005000000002400000000000A00000000020
:10FEB00005400000000000C8000000000C400000E9
:10FEC0000000409C00000000194000000020BCBE63
:10FED0000000000034400000BFC91B8E0000000479
:10FEE000B5400000504BCFD06607E2CF01000000C4
:10FEF0006C4100003E8251AADFEEA73401000000F1
:10FF0000D9420000DCB5A0E23A301F97FFFFFFFFA7
:10FF1000B4450000FD25A0C8E9A3C14FFFFFFFFFC6
:10FF2000FF3F00000000008000000000FF3F0000D5
:10FF30000000008000000000000000000000000041
:10FF4000010203040607080900000000010203047F
:10FF500066616E5F73746174650000000066616EB7
:10FF60005F7461725F707265000066616E5F7473CA
:10FF70000000000000000066616E5F7374617465CC
:10FF80000000000066616E5F7461725F70726500F0
:10FF90000066616E5F7265616C5F707265006661BC
:10FFA0006E5F70776D00000000000066616E5F7329
:10FFB000706565640000000066616E5F7473000028
:10FFC000000000000073746565725F73746174658E
:10FFD00000006472315F7461725F7600000000643B
:10FFE00072325F7461725F70000000006472315F92
:10FFF0007461725F6900000000747300000000000B
:020000040801F1
:1000000000000000000073633100000000000000E9
:1000100000000073633200000000000000000000D8
:10002000747300000000000000000000007374659D
:1000300065725F737461746500006472315F74612E
:10004000725F76000000006472315F7265616C5F00
:10005000760000006472315F7461725F69000000B5
:10006000006472315F7265616C5F690000006472E8
:10007000325F7461725F70000000006472325F7200
:1000800065616C5F700000006472325F7461725F62
:1000900076000000006472325F7265616C5F76000A
:1000A00000006472325F7461725F69000000006476
:1000B00072325F7265616C5F6900000074730000EA
:1000C0000000000000000000000000000000C03F31
:1000D0000000C03F0000C03F010301030102030113
:1000E00002020202036163746976655F737461746E
:1000F000650073315F7461725F700000000000730F
:10010000325F7461725F70000000000073335F74CF
:1001100061725F700000000000706C6174655F7454
:1001200061725F780000706C6174655F7461725F0A
:10013000790000706C6174655F7461725F7A0000B1
:100140006163746976655F747300000000010202E8
:100150000203010103010202020202020202020280
:100160000300000008020108000000000000000079
:100170000000000000000000000200001800000065
:10018000000000000000000001020202020202035F
:100190000102020202020202020202020202020240
:1001A00003000000295CC9C200000000295CC942AC
:1001B000E17A6BC200009C42E17A6BC20000D2C2BD
:1001C0000000D242CDCCFC4100000C4200000C42A9
:1001D0003D0A23C2696F5F7374617465000000009B
:1001E0000074730000000000000000000000696F50
:1001F0005F73746174650000000000747300000098
:10020000000000000000000064656661756C7454B5
:1002100061736B002000255B5E2E5D2E255B5E2EDC
:100220005D2E255B5E2E5D2E255B5E205D002564C8
:10023000007374656572436D642073656E64206538
:1002400072726F720D0A00006672657120284D553A
:100250005354204E4F54206C61726765722074684D
:10026000616E20323030290D0A0D0A00506C656134
:10027000736520696E7075742069703A76616C20C0
:10028000747970653A76616C20667265713A766150
:100290006C200D0A00000000092031207374656590
:1002A00072696E6720776865656C200D0A00000032
:1002B00009203220616374697665206164736F720E
:1002C0007074696F6E200D0A000000000920332051
:1002D0006E6F726D616C206164736F727074696FA0
:1002E0006E200D0A0000000020696E76616C696462
:1002F0002069702C20706C656173652072652D65B6
:100300006E746572200D0A000C3D3D3D3D3D205749
:10031000656C636F6D6520746F2074686520436F32
:100320006E736F6C65204D55535420616464207367
:100330007061636520696E2074686520656E642055
:100340003D3D3D3D3D0D0A0069662054494D454FF8
:1003500055542C207573696E6720746865206C6134
:1003600073742073657474696E670D0A0000000071
:1003700020696E76616C696420747970652C2070D8
:100380006C656173652072652D656E7465720D0A0A
:100390000000000020696E76616C69642066656506
:1003A000646261636B20667265712C20706C65619C
:1003B00073652072652D656E7465720D0A0000000C
:1003C000200501080000002060000000C4010008B2
:1003D0008005010860000020308F0000E001000867
:1003E000000000000000F07FFFFFFFFFFFFFEF7F36
:1003F0001C00000043000000F8FFFFFF0C0000009D
:100400000E0000000F0000002E0000001001000090
:1004100043000000F8FFFFFF0040404040404040E4
:1004200040404141414141404040404040404040C7
:10043000404040404040404040050202020202026B
:1004400002020202020202020220202020202020BA
:1004500020202002020202020202909090909090CE
:10046000101010101010101010101010101010108C
:100470001010101002020202020288888888888800
:1004800008080808080808080808080808080808EC
:1004900008080808020202024000000000000000F4
:1004A000000000000000000000000000000000004C
:1004B000000000000000000000000000000000003C
:1004C000000000000000000000000000000000002C
:1004D000000000000000000000000000000000001C
:1004E000000000000000000000000000000000000C
:1004F00000000000000000000000000000000000FC
:1005000000000000000000000000000000000000EB
:1005100000000000000000000000000000000000DB
:10052000000000000024F40001025735353030008F
:1005300000000000C1D30008C5D30008CDD30008D7
:10054000C9D30008B9D30008BDD3000800000000DB
:1005500000000000020000000000C0A800C7FFFF6C
:10056000FF00C0A800019090909001040A0500C00F
:100570000100000010000000AAAAAAAA00000000C2
:040000050800018965
:00000001FF
